Date,Open,High,Low,Close,Adj Close,Volume
1/4/16,743,744.059998,731.257996,741.840027,741.840027,3272800
1/5/16,746.450012,752,738.640015,742.580017,742.580017,1950700
1/6/16,730,747.179993,728.919983,743.619995,743.619995,1947000
1/7/16,730.309998,738.5,719.059998,726.390015,726.390015,2963700
1/8/16,731.450012,733.22998,713,714.469971,714.469971,2450900
1/11/16,716.609985,718.85498,703.539978,716.030029,716.030029,2090600
1/12/16,721.679993,728.75,717.317017,726.070007,726.070007,2024500
1/13/16,730.849976,734.73999,698.609985,700.559998,700.559998,2501700
1/14/16,705.380005,721.924988,689.099976,714.719971,714.719971,2225800
1/15/16,692.289978,706.73999,685.369995,694.450012,694.450012,3608100
1/19/16,703.299988,709.97998,693.409973,701.789978,701.789978,2268100
1/20/16,688.609985,706.849976,673.26001,698.450012,698.450012,3445000
1/21/16,702.179993,719.190002,694.460022,706.590027,706.590027,2412200
1/22/16,723.599976,728.130005,720.120972,725.25,725.25,2011800
1/25/16,723.580017,729.679993,710.01001,711.669983,711.669983,1711700
1/26/16,713.849976,718.280029,706.47998,713.039978,713.039978,1331700
1/27/16,713.669983,718.234985,694.390015,699.98999,699.98999,2194200
1/28/16,722.219971,733.690002,712.349976,730.960022,730.960022,2676400
1/29/16,731.530029,744.98999,726.799988,742.950012,742.950012,3474300
2/1/16,750.460022,757.859985,743.27002,752,752,5139200
2/2/16,784.5,789.869995,764.650024,764.650024,764.650024,6348100
2/3/16,770.219971,774.5,720.5,726.950012,726.950012,6171000
2/4/16,722.809998,727,701.859985,708.01001,708.01001,5168700
2/5/16,703.869995,703.98999,680.150024,683.570007,683.570007,5105700
2/8/16,667.849976,684.030029,663.059998,682.73999,682.73999,4247400
2/9/16,672.320007,699.900024,668.77002,678.109985,678.109985,3608900
2/10/16,686.859985,701.309998,682.130005,684.119995,684.119995,2638000
2/11/16,675,689.349976,668.867981,683.109985,683.109985,3024000
2/12/16,690.26001,693.75,678.599976,682.400024,682.400024,2141400
2/16/16,692.97998,698,685.049988,691,691,2520000
2/17/16,698.090027,709.75,691.380005,708.400024,708.400024,2492600
2/18/16,710,712.349976,696.030029,697.349976,697.349976,1883200
2/19/16,695.030029,703.080994,694.049988,700.909973,700.909973,1589300
2/22/16,707.450012,713.23999,702.51001,706.460022,706.460022,1949800
2/23/16,701.450012,708.400024,693.580017,695.849976,695.849976,2009300
2/24/16,688.919983,700,680.780029,699.559998,699.559998,1963600
2/25/16,700.01001,705.97998,690.585022,705.75,705.75,1642200
2/26/16,708.580017,713.429993,700.859985,705.070007,705.070007,2243500
2/29/16,700.320007,710.890015,697.679993,697.77002,697.77002,2481100
3/1/16,703.619995,718.809998,699.77002,718.809998,718.809998,2151400
3/2/16,719,720,712,718.849976,718.849976,1629000
3/3/16,718.679993,719.450012,706.02002,712.419983,712.419983,1958000
3/4/16,714.98999,716.48999,706.02002,710.890015,710.890015,1972100
3/7/16,706.900024,708.091003,686.900024,695.159973,695.159973,2985100
3/8/16,688.590027,703.789978,685.340027,693.969971,693.969971,2076300
3/9/16,698.469971,705.679993,694,705.23999,705.23999,1421500
3/10/16,708.119995,716.440002,703.359985,712.820007,712.820007,2833500
3/11/16,720,726.919983,717.125,726.820007,726.820007,1970800
3/14/16,726.809998,735.5,725.150024,730.48999,730.48999,1718300
3/15/16,726.919983,732.289978,724.77002,728.330017,728.330017,1721000
3/16/16,726.369995,737.469971,724.51001,736.090027,736.090027,1624400
3/17/16,736.450012,743.070007,736,737.780029,737.780029,1860800
3/18/16,741.859985,742,731.830017,737.599976,737.599976,2980700
3/21/16,736.5,742.5,733.515991,742.090027,742.090027,1836500
3/22/16,737.460022,745,737.460022,740.75,740.75,1269700
3/23/16,742.359985,745.719971,736.150024,738.059998,738.059998,1432100
3/24/16,732.01001,737.747009,731,735.299988,735.299988,1594900
3/28/16,736.789978,738.98999,732.5,733.530029,733.530029,1301300
3/29/16,734.590027,747.25,728.76001,744.77002,744.77002,1903800
3/30/16,750.099976,757.880005,748.73999,750.530029,750.530029,1782400
3/31/16,749.25,750.849976,740.940002,744.950012,744.950012,1718800
4/1/16,738.599976,750.340027,737,749.909973,749.909973,1576700
4/4/16,750.059998,752.799988,742.429993,745.289978,745.289978,1134200
4/5/16,738,742.799988,735.369995,737.799988,737.799988,1132300
4/6/16,735.77002,746.23999,735.559998,745.690002,745.690002,1053700
4/7/16,745.369995,747,736.280029,740.280029,740.280029,1453200
4/8/16,743.969971,745.450012,735.549988,739.150024,739.150024,1290800
4/11/16,743.02002,745,736.049988,736.099976,736.099976,1220100
4/12/16,738,743.830017,731.01001,743.090027,743.090027,1353000
4/13/16,749.159973,754.380005,744.260986,751.719971,751.719971,1707100
4/14/16,754.01001,757.309998,752.705017,753.200012,753.200012,1135300
4/15/16,753.97998,761,752.69397,759,759,1809300
4/18/16,760.460022,768.049988,757.299988,766.609985,766.609985,1558800
4/19/16,769.51001,769.900024,749.330017,753.929993,753.929993,2030500
4/20/16,758,758.132019,750.01001,752.669983,752.669983,1529200
4/21/16,755.380005,760.450012,749.549988,759.140015,759.140015,3060500
4/22/16,726.299988,736.119995,713.609985,718.77002,718.77002,5951900
4/25/16,716.099976,723.929993,715.590027,723.150024,723.150024,1959200
4/26/16,725.419983,725.765991,703.026001,708.140015,708.140015,2744600
4/27/16,707.289978,708.97998,692.36499,705.840027,705.840027,3098600
4/28/16,708.26001,714.169983,689.549988,691.02002,691.02002,2867300
4/29/16,690.700012,697.619995,689,693.01001,693.01001,2487700
5/2/16,697.630005,700.640015,691,698.210022,698.210022,1645300
5/3/16,696.869995,697.840027,692,692.359985,692.359985,1543800
5/4/16,690.48999,699.75,689.01001,695.700012,695.700012,1693500
5/5/16,697.700012,702.320007,695.719971,701.429993,701.429993,1683500
5/6/16,698.380005,711.859985,698.106995,711.119995,711.119995,1829300
5/9/16,712,718.710022,710,712.900024,712.900024,1510300
5/10/16,716.75,723.5,715.719971,723.179993,723.179993,1569600
5/11/16,723.409973,724.47998,712.799988,715.289978,715.289978,1692100
5/12/16,717.059998,719.25,709,713.309998,713.309998,1360700
5/13/16,711.929993,716.661987,709.26001,710.830017,710.830017,1314500
5/16/16,709.130005,718.47998,705.650024,716.48999,716.48999,1317100
5/17/16,715.98999,721.52002,704.109985,706.22998,706.22998,2001200
5/18/16,703.669983,711.599976,700.630005,706.630005,706.630005,1766800
5/19/16,702.359985,706,696.799988,700.320007,700.320007,1670200
5/20/16,701.619995,714.580017,700.52002,709.73999,709.73999,1828400
5/23/16,706.530029,711.478027,704.179993,704.23999,704.23999,1330700
5/24/16,706.859985,720.969971,706.859985,720.090027,720.090027,1929500
5/25/16,720.76001,727.51001,719.705017,725.27002,725.27002,1629200
5/26/16,722.869995,728.330017,720.280029,724.119995,724.119995,1576300
5/27/16,724.01001,733.935974,724,732.659973,732.659973,1975000
5/31/16,731.73999,739.72998,731.26001,735.719971,735.719971,2129500
6/1/16,734.530029,737.210022,730.659973,734.150024,734.150024,1253600
6/2/16,732.5,733.02002,724.169983,730.400024,730.400024,1341800
6/3/16,729.27002,729.48999,720.559998,722.340027,722.340027,1226300
6/6/16,724.909973,724.909973,714.609985,716.549988,716.549988,1565300
6/7/16,719.840027,721.97998,716.549988,716.650024,716.650024,1336200
6/8/16,723.960022,728.570007,720.580017,728.280029,728.280029,1583700
6/9/16,722.869995,729.539978,722.335999,728.580017,728.580017,988900
6/10/16,719.469971,725.890015,716.429993,719.409973,719.409973,1216400
6/13/16,716.51001,725.440002,716.51001,718.359985,718.359985,1258900
6/14/16,716.47998,722.469971,713.119995,718.27002,718.27002,1306100
6/15/16,719,722.97998,717.309998,718.919983,718.919983,1214500
6/16/16,714.909973,716.650024,703.26001,710.359985,710.359985,1982500
6/17/16,708.650024,708.820007,688.452026,691.719971,691.719971,3402400
6/20/16,698.77002,702.47998,693.409973,693.710022,693.710022,2082500
6/21/16,698.400024,702.77002,692.01001,695.940002,695.940002,1465600
6/22/16,699.059998,700.859985,693.08197,697.460022,697.460022,1184300
6/23/16,697.450012,701.950012,687,701.869995,701.869995,2171400
6/24/16,675.169983,689.400024,673.450012,675.219971,675.219971,4449000
6/27/16,671,672.299988,663.283997,668.26001,668.26001,2629000
6/28/16,678.969971,680.330017,673,680.039978,680.039978,2173800
6/29/16,683,687.429016,681.409973,684.109985,684.109985,1932600
6/30/16,685.469971,692.320007,683.650024,692.099976,692.099976,1597700
7/1/16,692.200012,700.650024,692.130005,699.210022,699.210022,1344700
7/5/16,696.059998,696.940002,688.880005,694.950012,694.950012,1462600
7/6/16,689.97998,701.679993,689.090027,697.77002,697.77002,1411900
7/7/16,698.080017,698.200012,688.215027,695.359985,695.359985,1304200
7/8/16,699.5,705.710022,696.434998,705.630005,705.630005,1575200
7/11/16,708.049988,716.51001,707.23999,715.090027,715.090027,1111800
7/12/16,719.119995,722.940002,715.909973,720.640015,720.640015,1336900
7/13/16,723.619995,724,716.849976,716.97998,716.97998,935900
7/14/16,721.580017,722.210022,718.030029,720.950012,720.950012,950200
7/15/16,725.72998,725.73999,719.054993,719.849976,719.849976,1279300
7/18/16,722.710022,736.130005,721.190002,733.780029,733.780029,1295500
7/19/16,729.890015,736.98999,729,736.960022,736.960022,1227500
7/20/16,737.330017,742.130005,737.099976,741.190002,741.190002,1289700
7/21/16,740.359985,741.690002,735.830994,738.630005,738.630005,1026300
7/22/16,741.859985,743.23999,736.559998,742.73999,742.73999,1259800
7/25/16,740.669983,742.609985,737.5,739.77002,739.77002,1032400
7/26/16,739.039978,741.690002,734.27002,738.419983,738.419983,1186700
7/27/16,738.280029,744.460022,737,741.77002,741.77002,1512500
7/28/16,747.039978,748.650024,739.299988,745.909973,745.909973,3530200
7/29/16,772.710022,778.549988,766.77002,768.789978,768.789978,3841500
8/1/16,761.090027,780.429993,761.090027,772.880005,772.880005,2700500
8/2/16,768.690002,775.840027,767.849976,771.070007,771.070007,1784500
8/3/16,767.179993,773.210022,766.820007,773.179993,773.179993,1287400
8/4/16,772.219971,774.070007,768.794983,771.609985,771.609985,1140300
8/5/16,773.780029,783.039978,772.340027,782.219971,782.219971,1801200
8/8/16,782,782.630005,778.091003,781.76001,781.76001,1107900
8/9/16,781.099976,788.940002,780.570007,784.26001,784.26001,1318900
8/10/16,783.75,786.812012,782.778015,784.679993,784.679993,786400
8/11/16,785,789.75,782.969971,784.849976,784.849976,975100
8/12/16,781.5,783.39502,780.400024,783.219971,783.219971,740500
8/15/16,783.75,787.48999,780.109985,782.440002,782.440002,938200
8/16/16,780.299988,780.97998,773.44397,777.140015,777.140015,1028000
8/17/16,777.320007,780.809998,773.530029,779.909973,779.909973,924200
8/18/16,780.01001,782.859985,777,777.5,777.5,719400
8/19/16,775,777.099976,773.130005,775.419983,775.419983,861500
8/22/16,773.27002,774.539978,770.049988,772.150024,772.150024,951400
8/23/16,775.47998,776.440002,771.784973,772.080017,772.080017,928200
8/24/16,770.580017,774.5,767.070007,769.640015,769.640015,1072000
8/25/16,767,771.890015,763.184998,769.409973,769.409973,926900
8/26/16,769,776.080017,765.849976,769.539978,769.539978,1166700
8/29/16,768.73999,774.98999,766.61499,772.150024,772.150024,847600
8/30/16,769.330017,774.466003,766.840027,769.090027,769.090027,1130000
8/31/16,767.01001,769.090027,765.380005,767.049988,767.049988,1248600
9/1/16,769.25,771.02002,764.299988,768.780029,768.780029,925100
9/2/16,773.01001,773.919983,768.409973,771.460022,771.460022,1072700
9/6/16,773.450012,782,771,780.080017,780.080017,1442800
9/7/16,780,782.72998,776.200012,780.349976,780.349976,893700
9/8/16,778.590027,780.349976,773.580017,775.320007,775.320007,1270300
9/9/16,770.099976,773.244995,759.659973,759.659973,759.659973,1885500
9/12/16,755.130005,770.289978,754,769.02002,769.02002,1311000
9/13/16,764.47998,766.219971,755.799988,759.690002,759.690002,1395000
9/14/16,759.609985,767.679993,759.109985,762.48999,762.48999,1087400
9/15/16,762.890015,773.799988,759.960022,771.76001,771.76001,1305100
9/16/16,769.75,769.75,764.659973,768.880005,768.880005,2049300
9/19/16,772.419983,774,764.440979,765.700012,765.700012,1172800
9/20/16,769,773.330017,768.530029,771.409973,771.409973,978600
9/21/16,772.659973,777.159973,768.301025,776.219971,776.219971,1167800
9/22/16,780,789.849976,778.440002,787.210022,787.210022,1486200
9/23/16,786.590027,788.929993,784.150024,786.900024,786.900024,1411900
9/26/16,782.73999,782.73999,773.070007,774.210022,774.210022,1533200
9/27/16,775.5,785.98999,774.307983,783.01001,783.01001,1153200
9/28/16,777.849976,781.809998,774.969971,781.559998,781.559998,1109800
9/29/16,781.440002,785.799988,774.231995,775.01001,775.01001,1314700
9/30/16,776.330017,780.940002,774.090027,777.289978,777.289978,1585300
10/3/16,774.25,776.065002,769.5,772.559998,772.559998,1278800
10/4/16,776.030029,778.710022,772.890015,776.429993,776.429993,1201400
10/5/16,779.309998,782.070007,775.650024,776.469971,776.469971,1461200
10/6/16,779,780.47998,775.539978,776.859985,776.859985,1070700
10/7/16,779.659973,779.659973,770.75,775.080017,775.080017,933200
10/10/16,777.710022,789.380005,775.869995,785.940002,785.940002,1174900
10/11/16,786.659973,792.280029,780.580017,783.070007,783.070007,1372500
10/12/16,783.76001,788.130005,782.059998,786.140015,786.140015,937400
10/13/16,781.219971,781.219971,773,778.190002,778.190002,1365300
10/14/16,781.650024,783.950012,776,778.530029,778.530029,852500
10/17/16,779.799988,785.849976,777.5,779.960022,779.960022,1093000
10/18/16,787.849976,801.609985,785.565002,795.26001,795.26001,2056900
10/19/16,798.23999,804.599976,798.030029,801.5,801.5,1766800
10/20/16,803.299988,803.969971,796.030029,796.969971,796.969971,1757500
10/21/16,795,799.5,794,799.369995,799.369995,1266200
10/24/16,804.900024,815.179993,804.820007,813.109985,813.109985,1697500
10/25/16,816.679993,816.679993,805.140015,807.669983,807.669983,1576400
10/26/16,806.340027,806.97998,796.320007,799.070007,799.070007,1647700
10/27/16,801,803.48999,791.5,795.349976,795.349976,2749200
10/28/16,808.349976,815.48999,793.590027,795.369995,795.369995,4269900
10/31/16,795.469971,796.859985,784,784.539978,784.539978,2427300
11/1/16,782.890015,789.48999,775.539978,783.609985,783.609985,2406400
11/2/16,778.200012,781.650024,763.450012,768.700012,768.700012,1872400
11/3/16,767.25,769.950012,759.030029,762.130005,762.130005,1943200
11/4/16,750.659973,770.359985,750.560974,762.02002,762.02002,2134800
11/7/16,774.5,785.190002,772.549988,782.52002,782.52002,1585100
11/8/16,783.400024,795.632996,780.190002,790.51001,790.51001,1366900
11/9/16,779.940002,791.22699,771.669983,785.309998,785.309998,2607100
11/10/16,791.169983,791.169983,752.179993,762.559998,762.559998,4745200
11/11/16,756.539978,760.780029,750.380005,754.02002,754.02002,2431800
11/14/16,755.599976,757.849976,727.539978,736.080017,736.080017,3654400
11/15/16,746.969971,764.416016,746.969971,758.48999,758.48999,2384000
11/16/16,755.200012,766.359985,750.51001,764.47998,764.47998,1472600
11/17/16,766.919983,772.700012,764.22998,771.22998,771.22998,1304000
11/18/16,771.369995,775,760,760.539978,760.539978,1547100
11/21/16,762.609985,769.700012,760.599976,769.200012,769.200012,1330600
11/22/16,772.630005,776.960022,767,768.27002,768.27002,1593100
11/23/16,767.72998,768.28302,755.25,760.98999,760.98999,1478400
11/25/16,764.26001,765,760.52002,761.679993,761.679993,587400
11/28/16,760,779.530029,759.799988,768.23999,768.23999,2188200
11/29/16,771.530029,778.5,768.23999,770.840027,770.840027,1616600
11/30/16,770.070007,772.98999,754.830017,758.039978,758.039978,2392900
12/1/16,757.440002,759.849976,737.025024,747.919983,747.919983,3017900
12/2/16,744.590027,754,743.099976,750.5,750.5,1452500
12/5/16,757.710022,763.900024,752.900024,762.52002,762.52002,1394200
12/6/16,764.72998,768.830017,757.340027,759.109985,759.109985,1690700
12/7/16,761,771.359985,755.799988,771.190002,771.190002,1761000
12/8/16,772.47998,778.179993,767.22998,776.419983,776.419983,1488100
12/9/16,780,789.429993,779.020996,789.289978,789.289978,1821900
12/12/16,785.039978,791.25,784.35498,789.27002,789.27002,2104100
12/13/16,793.900024,804.380005,793.340027,796.099976,796.099976,2145200
12/14/16,797.400024,804,794.01001,797.070007,797.070007,1704200
12/15/16,797.340027,803,792.919983,797.849976,797.849976,1626500
12/16/16,800.400024,800.856018,790.289978,790.799988,790.799988,2443800
12/19/16,790.219971,797.659973,786.27002,794.200012,794.200012,1232100
12/20/16,796.76001,798.650024,793.27002,796.419983,796.419983,951000
12/21/16,795.840027,796.676025,787.099976,794.559998,794.559998,1211300
12/22/16,792.359985,793.320007,788.580017,791.26001,791.26001,972200
12/23/16,790.900024,792.73999,787.280029,789.909973,789.909973,623400
12/27/16,790.679993,797.859985,787.656982,791.549988,791.549988,789100
12/28/16,793.700012,794.22998,783.200012,785.049988,785.049988,1153800
12/29/16,783.330017,785.929993,778.919983,782.789978,782.789978,744300
12/30/16,782.75,782.780029,770.409973,771.820007,771.820007,1770000
1/3/17,778.809998,789.630005,775.799988,786.140015,786.140015,1657300
1/4/17,788.359985,791.340027,783.159973,786.900024,786.900024,1073000
1/5/17,786.080017,794.47998,785.02002,794.02002,794.02002,1335200
1/6/17,795.26001,807.900024,792.203979,806.150024,806.150024,1640200
1/9/17,806.400024,809.966003,802.830017,806.650024,806.650024,1274600
1/10/17,807.859985,809.130005,803.51001,804.789978,804.789978,1176800
1/11/17,805,808.150024,801.369995,807.909973,807.909973,1065900
1/12/17,807.140015,807.390015,799.169983,806.359985,806.359985,1353100
1/13/17,807.47998,811.223999,806.690002,807.880005,807.880005,1099200
1/17/17,807.080017,807.140015,800.369995,804.609985,804.609985,1362100
1/18/17,805.809998,806.205017,800.98999,806.070007,806.070007,1294400
1/19/17,805.119995,809.47998,801.799988,802.174988,802.174988,919300
1/20/17,806.909973,806.909973,801.690002,805.02002,805.02002,1670000
1/23/17,807.25,820.869995,803.73999,819.309998,819.309998,1963600
1/24/17,822.299988,825.900024,817.820984,823.869995,823.869995,1474000
1/25/17,829.619995,835.77002,825.059998,835.669983,835.669983,1494500
1/26/17,837.809998,838,827.01001,832.150024,832.150024,2973900
1/27/17,834.710022,841.950012,820.440002,823.309998,823.309998,2965800
1/30/17,814.659973,815.840027,799.799988,802.320007,802.320007,3246600
1/31/17,796.859985,801.25,790.52002,796.789978,796.789978,2160600
2/1/17,799.679993,801.190002,791.190002,795.695007,795.695007,2029700
2/2/17,793.799988,802.700012,792,798.530029,798.530029,1532100
2/3/17,802.98999,806,800.369995,801.48999,801.48999,1463400
2/6/17,799.700012,801.669983,795.25,801.340027,801.340027,1184500
2/7/17,803.98999,810.5,801.780029,806.969971,806.969971,1241200
2/8/17,807,811.840027,803.190002,808.380005,808.380005,1155300
2/9/17,809.51001,810.659973,804.539978,809.559998,809.559998,989700
2/10/17,811.700012,815.25,809.780029,813.669983,813.669983,1135000
2/13/17,816,820.958984,815.48999,819.23999,819.23999,1213300
2/14/17,819,823,816,820.450012,820.450012,1054700
2/15/17,819.359985,823,818.469971,818.97998,818.97998,1313600
2/16/17,819.929993,824.400024,818.97998,824.159973,824.159973,1287600
2/17/17,823.02002,828.070007,821.655029,828.070007,828.070007,1611000
2/21/17,828.659973,833.450012,828.349976,831.659973,831.659973,1262300
2/22/17,828.659973,833.25,828.640015,830.76001,830.76001,982900
2/23/17,830.119995,832.460022,822.880005,831.330017,831.330017,1472800
2/24/17,827.72998,829,824.200012,828.640015,828.640015,1392200
2/27/17,824.549988,830.5,824,829.280029,829.280029,1101500
2/28/17,825.609985,828.539978,820.200012,823.210022,823.210022,2260800
3/1/17,828.849976,836.255005,827.26001,835.23999,835.23999,1496500
3/2/17,833.849976,834.51001,829.640015,830.630005,830.630005,942500
3/3/17,830.559998,831.359985,825.750977,829.080017,829.080017,896400
3/6/17,826.950012,828.880005,822.400024,827.780029,827.780029,1109000
3/7/17,827.400024,833.409973,826.52002,831.909973,831.909973,1037600
3/8/17,833.51001,838.150024,831.789978,835.369995,835.369995,989800
3/9/17,836,842,834.210022,838.679993,838.679993,1261500
3/10/17,843.280029,844.909973,839.5,843.25,843.25,1704000
3/13/17,844,848.684998,843.25,845.539978,845.539978,1223600
3/14/17,843.640015,847.23999,840.799988,845.619995,845.619995,779900
3/15/17,847.590027,848.630005,840.77002,847.200012,847.200012,1381500
3/16/17,849.030029,850.849976,846.130005,848.780029,848.780029,977600
3/17/17,851.609985,853.400024,847.109985,852.119995,852.119995,1712300
3/20/17,850.01001,850.219971,845.150024,848.400024,848.400024,1231500
3/21/17,851.400024,853.5,829.02002,830.460022,830.460022,2463500
3/22/17,831.909973,835.549988,827.179993,829.590027,829.590027,1401500
3/23/17,821,822.570007,812.257019,817.580017,817.580017,3487100
3/24/17,820.080017,821.929993,808.890015,814.429993,814.429993,1981000
3/27/17,806.950012,821.630005,803.369995,819.51001,819.51001,1894300
3/28/17,820.409973,825.98999,814.026978,820.919983,820.919983,1620500
3/29/17,825,832.765015,822.380005,831.409973,831.409973,1786300
3/30/17,833.5,833.679993,829,831.5,831.5,1055300
3/31/17,828.969971,831.640015,827.390015,829.559998,829.559998,1401900
4/3/17,829.219971,840.849976,829.219971,838.549988,838.549988,1671500
4/4/17,831.359985,835.179993,829.036011,834.570007,834.570007,1045400
4/5/17,835.51001,842.450012,830.719971,831.409973,831.409973,1555300
4/6/17,832.400024,836.390015,826.460022,827.880005,827.880005,1254400
4/7/17,827.960022,828.484985,820.513,824.669983,824.669983,1057300
4/10/17,825.390015,829.349976,823.77002,824.72998,824.72998,978900
4/11/17,824.710022,827.427002,817.02002,823.349976,823.349976,1079700
4/12/17,821.929993,826.659973,821.02002,824.320007,824.320007,900500
4/13/17,822.140015,826.380005,821.440002,823.559998,823.559998,1122400
4/17/17,825.01001,837.75,824.469971,837.169983,837.169983,895000
4/18/17,834.219971,838.929993,832.710022,836.820007,836.820007,836700
4/19/17,839.789978,842.219971,836.289978,838.210022,838.210022,954200
4/20/17,841.440002,845.200012,839.320007,841.650024,841.650024,959000
4/21/17,842.880005,843.880005,840.599976,843.190002,843.190002,1323600
4/24/17,851.200012,863.450012,849.859985,862.76001,862.76001,1372500
4/25/17,865,875,862.809998,872.299988,872.299988,1672000
4/26/17,874.22998,876.049988,867.747986,871.72998,871.72998,1237200
4/27/17,873.599976,875.400024,870.380005,874.25,874.25,2026800
4/28/17,910.659973,916.849976,905.77002,905.960022,905.960022,3276300
5/1/17,901.940002,915.679993,901.450012,912.570007,912.570007,2116000
5/2/17,909.619995,920.77002,909.453003,916.440002,916.440002,1587200
5/3/17,914.859985,928.099976,912.54303,927.039978,927.039978,1499500
5/4/17,926.070007,935.929993,924.590027,931.659973,931.659973,1422100
5/5/17,933.539978,934.900024,925.200012,927.130005,927.130005,1911300
5/8/17,926.119995,936.924988,925.26001,934.299988,934.299988,1329800
5/9/17,936.950012,937.5,929.530029,932.169983,932.169983,1581800
5/10/17,931.97998,932,925.159973,928.780029,928.780029,1173900
5/11/17,925.320007,932.530029,923.030029,930.599976,930.599976,835000
5/12/17,931.530029,933.440002,927.849976,932.219971,932.219971,1050600
5/15/17,932.950012,938.25,929.340027,937.080017,937.080017,1108100
5/16/17,940,943.109985,937.580017,943,943,969500
5/17/17,935.669983,939.333008,918.140015,919.619995,919.619995,2362100
5/18/17,921,933.169983,918.75,930.23999,930.23999,1596900
5/19/17,931.469971,937.755005,931,934.01001,934.01001,1393000
5/22/17,935,941.882996,935,941.859985,941.859985,1120400
5/23/17,947.919983,951.46698,942.575012,948.820007,948.820007,1270800
5/24/17,952.97998,955.090027,949.5,954.960022,954.960022,1024800
5/25/17,957.330017,972.629028,955.469971,969.539978,969.539978,1660500
5/26/17,969.700012,974.97998,965.030029,971.469971,971.469971,1252000
5/30/17,970.309998,976.200012,969.48999,975.880005,975.880005,1466700
5/31/17,975.02002,979.27002,960.179993,964.859985,964.859985,2448100
6/1/17,968.950012,971.5,960.01001,966.950012,966.950012,1410500
6/2/17,969.460022,975.880005,966,975.599976,975.599976,1751000
6/5/17,976.549988,986.909973,975.099976,983.679993,983.679993,1252100
6/6/17,983.159973,988.25,975.140015,976.570007,976.570007,1814600
6/7/17,980,983.97998,975.940002,980.940002,980.940002,1453900
6/8/17,982.349976,984.570007,977.200012,983.409973,983.409973,1481900
6/9/17,984.5,984.5,935.630005,949.830017,949.830017,3309400
6/12/17,939.559998,949.35498,915.232971,942.900024,942.900024,3763500
6/13/17,951.909973,959.97998,944.090027,953.400024,953.400024,2013300
6/14/17,959.919983,961.150024,942.25,950.76001,950.76001,1489700
6/15/17,933.969971,943.338989,924.440002,942.309998,942.309998,2133100
6/16/17,940,942.039978,931.594971,939.780029,939.780029,3094700
6/19/17,949.960022,959.98999,949.049988,957.369995,957.369995,1533300
6/20/17,957.52002,961.619995,950.01001,950.630005,950.630005,1126000
6/21/17,953.640015,960.099976,950.76001,959.450012,959.450012,1202200
6/22/17,958.700012,960.719971,954.549988,957.090027,957.090027,941400
6/23/17,956.830017,966,954.200012,965.590027,965.590027,1527900
6/26/17,969.900024,973.309998,950.789978,952.27002,952.27002,1598400
6/27/17,942.460022,948.289978,926.849976,927.330017,927.330017,2579900
6/28/17,929,942.75,916,940.48999,940.48999,2721400
6/29/17,929.919983,931.26001,910.619995,917.789978,917.789978,3299200
6/30/17,926.049988,926.049988,908.309998,908.72998,908.72998,2090200
7/3/17,912.179993,913.940002,894.789978,898.700012,898.700012,1709800
7/5/17,901.76001,914.51001,898.5,911.710022,911.710022,1813900
7/6/17,904.119995,914.94397,899.700012,906.690002,906.690002,1424500
7/7/17,908.849976,921.539978,908.849976,918.590027,918.590027,1637800
7/10/17,921.77002,930.380005,919.590027,928.799988,928.799988,1192800
7/11/17,929.539978,931.429993,922,930.090027,930.090027,1113200
7/12/17,938.679993,946.299988,934.469971,943.830017,943.830017,1532100
7/13/17,946.289978,954.450012,943.01001,947.159973,947.159973,1294700
7/14/17,952,956.909973,948.005005,955.98999,955.98999,1053800
7/17/17,957,960.73999,949.241028,953.419983,953.419983,1165500
7/18/17,953,968.039978,950.599976,965.400024,965.400024,1154000
7/19/17,967.840027,973.039978,964.030029,970.890015,970.890015,1224500
7/20/17,975,975.900024,961.51001,968.150024,968.150024,1624500
7/21/17,962.25,973.22998,960.150024,972.919983,972.919983,1711000
7/24/17,972.219971,986.200012,970.77002,980.340027,980.340027,3248300
7/25/17,953.809998,959.700012,945.400024,950.700012,950.700012,4661000
7/26/17,954.679993,955,942.278992,947.799988,947.799988,2088300
7/27/17,951.780029,951.780029,920,934.090027,934.090027,3213000
7/28/17,929.400024,943.830017,927.5,941.530029,941.530029,1846400
7/31/17,941.890015,943.590027,926.039978,930.5,930.5,1970100
8/1/17,932.380005,937.447021,929.26001,930.830017,930.830017,1277700
8/2/17,928.609985,932.599976,916.679993,930.390015,930.390015,1824400
8/3/17,930.340027,932.23999,922.23999,923.650024,923.650024,1202500
8/4/17,926.75,930.307007,923.030029,927.960022,927.960022,1082300
8/7/17,929.059998,931.700012,926.5,929.359985,929.359985,1032200
8/8/17,927.090027,935.814026,925.609985,926.789978,926.789978,1061600
8/9/17,920.609985,925.97998,917.25,922.900024,922.900024,1192100
8/10/17,917.549988,919.26001,906.130005,907.23999,907.23999,1824000
8/11/17,907.969971,917.780029,905.580017,914.390015,914.390015,1206800
8/14/17,922.530029,924.66803,918.190002,922.669983,922.669983,1064500
8/15/17,924.22998,926.549988,919.820007,922.219971,922.219971,883400
8/16/17,925.289978,932.700012,923.445007,926.960022,926.960022,1006700
8/17/17,925.780029,926.859985,910.97998,910.97998,910.97998,1277200
8/18/17,910.309998,915.275024,907.153992,910.669983,910.669983,1342700
8/21/17,910,913,903.400024,906.659973,906.659973,943400
8/22/17,912.719971,925.859985,911.474976,924.690002,924.690002,1166700
8/23/17,921.929993,929.929993,919.359985,927,927,1090200
8/24/17,928.659973,930.840027,915.5,921.280029,921.280029,1270300
8/25/17,923.48999,925.554993,915.5,915.890015,915.890015,1053400
8/28/17,916,919.244995,911.869995,913.809998,913.809998,1086500
8/29/17,905.099976,923.330017,905,921.289978,921.289978,1185600
8/30/17,920.049988,930.81897,919.650024,929.570007,929.570007,1301200
8/31/17,931.76001,941.97998,931.76001,939.330017,939.330017,1582600
9/1/17,941.130005,942.47998,935.150024,937.340027,937.340027,947400
9/5/17,933.080017,937,921.960022,928.450012,928.450012,1326400
9/6/17,930.150024,930.914978,919.27002,927.809998,927.809998,1527700
9/7/17,931.72998,936.409973,923.619995,935.950012,935.950012,1212700
9/8/17,936.48999,936.98999,924.880005,926.5,926.5,1011500
9/11/17,934.25,938.380005,926.919983,929.080017,929.080017,1267000
9/12/17,932.590027,933.47998,923.861023,932.070007,932.070007,1134400
9/13/17,930.659973,937.25,929.859985,935.090027,935.090027,1102600
9/14/17,931.25,932.77002,924,925.109985,925.109985,1397600
9/15/17,924.659973,926.48999,916.359985,920.289978,920.289978,2505400
9/18/17,920.01001,922.080017,910.599976,915,915,1306900
9/19/17,917.419983,922.419983,912.549988,921.809998,921.809998,936700
9/20/17,922.97998,933.880005,922,931.580017,931.580017,1669800
9/21/17,933,936.530029,923.830017,932.450012,932.450012,1290600
9/22/17,927.75,934.72998,926.47998,928.530029,928.530029,1052700
9/25/17,925.450012,926.400024,909.700012,920.969971,920.969971,1856800
9/26/17,923.719971,930.820007,921.140015,924.859985,924.859985,1666900
9/27/17,927.73999,949.900024,927.73999,944.48999,944.48999,2239400
9/28/17,941.359985,950.690002,940.549988,949.5,949.5,1020300
9/29/17,952,959.786011,951.51001,959.109985,959.109985,1581000
10/2/17,959.97998,962.539978,947.840027,953.27002,953.27002,1283400
10/3/17,954,958,949.140015,957.789978,957.789978,888300
10/4/17,957,960.390015,950.690002,951.679993,951.679993,952400
10/5/17,955.48999,970.909973,955.179993,969.960022,969.960022,1213800
10/6/17,966.700012,979.460022,963.359985,978.890015,978.890015,1173900
10/9/17,980,985.424988,976.109985,977,977,891400
10/10/17,980,981.570007,966.080017,972.599976,972.599976,968400
10/11/17,973.719971,990.710022,972.25,989.25,989.25,1693300
10/12/17,987.450012,994.119995,985,987.830017,987.830017,1262400
10/13/17,992,997.210022,989,989.679993,989.679993,1169800
10/16/17,992.099976,993.906982,984,992,992,910500
10/17/17,990.289978,996.440002,988.590027,992.179993,992.179993,1290200
10/18/17,991.77002,996.719971,986.974976,992.809998,992.809998,1057600
10/19/17,986,988.880005,978.390015,984.450012,984.450012,1313600
10/20/17,989.440002,991,984.580017,988.200012,988.200012,1183200
10/23/17,989.52002,989.52002,966.119995,968.450012,968.450012,1478400
10/24/17,970,972.22998,961,970.539978,970.539978,1212200
10/25/17,968.369995,976.090027,960.52002,973.330017,973.330017,1211300
10/26/17,980,987.599976,972.200012,972.559998,972.559998,2042100
10/27/17,1009.190002,1048.390015,1008.200012,1019.27002,1019.27002,5167700
10/30/17,1014,1024.969971,1007.5,1017.109985,1017.109985,2085100
10/31/17,1015.219971,1024,1010.419983,1016.640015,1016.640015,1330700
11/1/17,1017.210022,1029.670044,1016.950012,1025.5,1025.5,1373400
11/2/17,1021.76001,1028.089966,1013.01001,1025.579956,1025.579956,1049000
11/3/17,1022.109985,1032.650024,1020.309998,1032.47998,1032.47998,1076400
11/6/17,1028.98999,1034.869995,1025,1025.900024,1025.900024,1125200
11/7/17,1027.27002,1033.969971,1025.130005,1033.329956,1033.329956,1112300
11/8/17,1030.52002,1043.521973,1028.449951,1039.849976,1039.849976,1088700
11/9/17,1033.98999,1033.98999,1019.666016,1031.26001,1031.26001,1245200
11/10/17,1026.459961,1030.76001,1025.280029,1028.069946,1028.069946,720000
11/13/17,1023.419983,1031.579956,1022.570007,1025.75,1025.75,885800
11/14/17,1022.590027,1026.810059,1014.150024,1026,1026,959200
11/15/17,1019.210022,1024.089966,1015.419983,1020.909973,1020.909973,854000
11/16/17,1022.52002,1035.920044,1022.52002,1032.5,1032.5,1129700
11/17/17,1034.01001,1034.420044,1017.75,1019.090027,1019.090027,1397100
11/20/17,1020.26001,1022.609985,1017.5,1018.380005,1018.380005,953500
11/21/17,1023.309998,1035.109985,1022.655029,1034.48999,1034.48999,1097000
11/22/17,1035,1039.706055,1031.430054,1035.959961,1035.959961,746300
11/24/17,1035.869995,1043.177979,1035,1040.609985,1040.609985,537000
11/27/17,1040,1055.459961,1038.439941,1054.209961,1054.209961,1307900
11/28/17,1055.089966,1062.375,1040,1047.410034,1047.410034,1424400
11/29/17,1042.680054,1044.079956,1015.650024,1021.659973,1021.659973,2459400
11/30/17,1022.369995,1028.48999,1015,1021.409973,1021.409973,1724000
12/1/17,1015.799988,1022.48999,1002.02002,1010.169983,1010.169983,1909600
12/4/17,1012.659973,1016.099976,995.570007,998.679993,998.679993,1906400
12/5/17,995.940002,1020.609985,988.280029,1005.150024,1005.150024,2067300
12/6/17,1001.5,1024.969971,1001.140015,1018.380005,1018.380005,1272000
12/7/17,1020.429993,1034.23999,1018.070984,1030.930054,1030.930054,1458200
12/8/17,1037.48999,1042.050049,1032.521973,1037.050049,1037.050049,1290800
12/11/17,1035.5,1043.800049,1032.050049,1041.099976,1041.099976,1192800
12/12/17,1039.630005,1050.310059,1033.689941,1040.47998,1040.47998,1279500
12/13/17,1046.119995,1046.665039,1038.380005,1040.609985,1040.609985,1282700
12/14/17,1045,1058.5,1043.109985,1049.150024,1049.150024,1558700
12/15/17,1054.609985,1067.619995,1049.5,1064.189941,1064.189941,3275900
12/18/17,1066.079956,1078.48999,1062,1077.140015,1077.140015,1554600
12/19/17,1075.199951,1076.839966,1063.550049,1070.680054,1070.680054,1338700
12/20/17,1071.780029,1073.380005,1061.52002,1064.949951,1064.949951,1268600
12/21/17,1064.949951,1069.329956,1061.793945,1063.630005,1063.630005,995700
12/22/17,1061.109985,1064.199951,1059.439941,1060.119995,1060.119995,755100
12/26/17,1058.069946,1060.119995,1050.199951,1056.73999,1056.73999,760600
12/27/17,1057.390015,1058.369995,1048.050049,1049.369995,1049.369995,1271900
12/28/17,1051.599976,1054.75,1044.77002,1048.140015,1048.140015,837100
12/29/17,1046.719971,1049.699951,1044.900024,1046.400024,1046.400024,887500
1/2/18,1048.339966,1066.939941,1045.22998,1065,1065,1237600
1/3/18,1064.310059,1086.290039,1063.209961,1082.47998,1082.47998,1430200
1/4/18,1088,1093.569946,1084.001953,1086.400024,1086.400024,1004600
1/5/18,1094,1104.25,1092,1102.22998,1102.22998,1279100
1/8/18,1102.22998,1111.27002,1101.619995,1106.939941,1106.939941,1047600
1/9/18,1109.400024,1110.569946,1101.230957,1106.26001,1106.26001,902500
1/10/18,1097.099976,1104.599976,1096.109985,1102.609985,1102.609985,1042800
1/11/18,1106.300049,1106.525024,1099.589966,1105.52002,1105.52002,978300
1/12/18,1102.410034,1124.290039,1101.150024,1122.26001,1122.26001,1720500
1/16/18,1132.51001,1139.910034,1117.832031,1121.76001,1121.76001,1575300
1/17/18,1126.219971,1132.599976,1117.01001,1131.97998,1131.97998,1202600
1/18/18,1131.410034,1132.51001,1117.5,1129.790039,1129.790039,1198200
1/19/18,1131.829956,1137.859985,1128.300049,1137.51001,1137.51001,1778200
1/22/18,1137.48999,1159.880005,1135.109985,1155.810059,1155.810059,1618000
1/23/18,1159.849976,1171.626953,1158.75,1169.969971,1169.969971,1333100
1/24/18,1177.329956,1179.859985,1161.050049,1164.23999,1164.23999,1416600
1/25/18,1172.530029,1175.939941,1162.76001,1170.369995,1170.369995,1480500
1/26/18,1175.079956,1175.839966,1158.109985,1175.839966,1175.839966,2018800
1/29/18,1176.47998,1186.890015,1171.97998,1175.579956,1175.579956,1378900
1/30/18,1167.829956,1176.52002,1163.52002,1163.689941,1163.689941,1556300
1/31/18,1170.569946,1173,1159.130005,1169.939941,1169.939941,1538700
2/1/18,1162.609985,1174,1157.52002,1167.699951,1167.699951,2412100
2/2/18,1122,1123.069946,1107.277954,1111.900024,1111.900024,4857900
2/5/18,1090.599976,1110,1052.030029,1055.800049,1055.800049,3798300
2/6/18,1027.180054,1081.709961,1023.137024,1080.599976,1080.599976,3448000
2/7/18,1081.540039,1081.780029,1048.26001,1048.579956,1048.579956,2369200
2/8/18,1055.410034,1058.619995,1000.659973,1001.52002,1001.52002,2859100
2/9/18,1017.25,1043.969971,992.559998,1037.780029,1037.780029,3505900
2/12/18,1048,1061.5,1040.927979,1051.939941,1051.939941,2057700
2/13/18,1045,1058.369995,1044.087036,1052.099976,1052.099976,1265100
2/14/18,1048.949951,1071.719971,1046.75,1069.699951,1069.699951,1555800
2/15/18,1079.069946,1091.479004,1064.339966,1089.52002,1089.52002,1843400
2/16/18,1088.410034,1104.670044,1088.312988,1094.800049,1094.800049,1679500
2/20/18,1090.569946,1113.949951,1088.52002,1102.459961,1102.459961,1423100
2/21/18,1106.469971,1133.969971,1106.329956,1111.339966,1111.339966,1512900
2/22/18,1116.189941,1122.819946,1102.589966,1106.630005,1106.630005,1317200
2/23/18,1112.640015,1127.280029,1104.713989,1126.790039,1126.790039,1261000
2/26/18,1127.800049,1143.959961,1126.694946,1143.75,1143.75,1559100
2/27/18,1141.23999,1144.040039,1118,1118.290039,1118.290039,1774100
2/28/18,1123.030029,1127.530029,1103.23999,1104.72998,1104.72998,1882600
3/1/18,1107.869995,1110.119995,1067.000977,1069.52002,1069.52002,2515900
3/2/18,1053.079956,1081.999023,1048.11499,1078.920044,1078.920044,2271600
3/5/18,1075.140015,1097.099976,1069,1090.930054,1090.930054,1202200
3/6/18,1099.219971,1101.849976,1089.775024,1095.060059,1095.060059,1532800
3/7/18,1089.189941,1112.219971,1085.482056,1109.640015,1109.640015,1292500
3/8/18,1115.319946,1127.599976,1112.800049,1126,1126,1355100
3/9/18,1136,1160.800049,1132.46106,1160.040039,1160.040039,2128000
3/12/18,1163.849976,1177.050049,1157.420044,1164.5,1164.5,2172300
3/13/18,1170,1176.76001,1133.329956,1138.170044,1138.170044,1907200
3/14/18,1145.209961,1158.589966,1141.439941,1149.48999,1149.48999,1291400
3/15/18,1149.959961,1161.079956,1134.540039,1149.579956,1149.579956,1395400
3/16/18,1154.140015,1155.880005,1131.959961,1135.72998,1135.72998,3092000
3/19/18,1120.01001,1121.98999,1089.01001,1099.819946,1099.819946,2805900
3/20/18,1099,1105.199951,1083.459961,1097.709961,1097.709961,1831900
3/21/18,1092.73999,1106.300049,1085.150024,1090.880005,1090.880005,1878900
3/22/18,1081.880005,1082.900024,1045.910034,1049.079956,1049.079956,2667000
3/23/18,1047.030029,1063.359985,1021.219971,1021.570007,1021.570007,2156700
3/26/18,1046,1055.630005,1008.400024,1053.209961,1053.209961,2665100
3/27/18,1063,1064.838989,996.919983,1005.099976,1005.099976,3095300
3/28/18,998,1024.22998,980.640015,1004.559998,1004.559998,3369300
3/29/18,1011.630005,1043,1002.900024,1031.790039,1031.790039,2726800
4/2/18,1022.820007,1034.800049,990.369995,1006.469971,1006.469971,2680400
4/3/18,1013.909973,1020.98999,994.070007,1013.409973,1013.409973,2275100
4/4/18,993.409973,1028.718018,993,1025.140015,1025.140015,2484700
4/5/18,1041.329956,1042.790039,1020.130981,1027.810059,1027.810059,1363000
4/6/18,1020,1031.420044,1003.030029,1007.039978,1007.039978,1746400
4/9/18,1016.799988,1039.599976,1014.080017,1015.450012,1015.450012,1751600
4/10/18,1026.439941,1036.280029,1011.340027,1031.640015,1031.640015,1974500
4/11/18,1027.98999,1031.364014,1015.869995,1019.969971,1019.969971,1483900
4/12/18,1025.040039,1040.689941,1021.434998,1032.51001,1032.51001,1357000
4/13/18,1040.880005,1046.420044,1022.97998,1029.27002,1029.27002,1223000
4/16/18,1037,1043.23999,1026.73999,1037.97998,1037.97998,1211200
4/17/18,1051.369995,1077.880005,1048.26001,1074.160034,1074.160034,2320300
4/18/18,1077.430054,1077.430054,1066.224976,1072.079956,1072.079956,1344100
4/19/18,1069.400024,1094.165039,1068.180054,1087.699951,1087.699951,1747700
4/20/18,1082,1092.349976,1069.569946,1072.959961,1072.959961,1889700
4/23/18,1077.859985,1082.719971,1060.699951,1067.449951,1067.449951,2341300
4/24/18,1052,1057,1010.590027,1019.97998,1019.97998,4760300
4/25/18,1025.52002,1032.48999,1015.309998,1021.179993,1021.179993,2391100
4/26/18,1029.51001,1047.97998,1018.190002,1040.040039,1040.040039,2079500
4/27/18,1046,1049.5,1025.589966,1030.050049,1030.050049,1619800
4/30/18,1030.01001,1037,1016.849976,1017.330017,1017.330017,1671300
5/1/18,1013.659973,1038.469971,1008.210022,1037.310059,1037.310059,1427900
5/2/18,1028.099976,1040.389038,1022.869995,1024.380005,1024.380005,1603100
5/3/18,1019,1029.675049,1006.289978,1023.719971,1023.719971,1815100
5/4/18,1016.900024,1048.51001,1016.900024,1048.209961,1048.209961,1938700
5/7/18,1049.22998,1061.680054,1047.099976,1054.790039,1054.790039,1466100
5/8/18,1058.540039,1060.550049,1047.14502,1053.910034,1053.910034,1217700
5/9/18,1058.099976,1085.439941,1056.36499,1082.76001,1082.76001,2032800
5/10/18,1086.030029,1100.439941,1085.640015,1097.569946,1097.569946,1443000
5/11/18,1093.599976,1101.329956,1090.910034,1098.26001,1098.26001,1253700
5/14/18,1100,1110.75,1099.109985,1100.199951,1100.199951,1518100
5/15/18,1090,1090.050049,1073.469971,1079.22998,1079.22998,1494900
5/16/18,1077.310059,1089.27002,1076.26001,1081.77002,1081.77002,1097300
5/17/18,1079.890015,1086.869995,1073.5,1078.589966,1078.589966,1043800
5/18/18,1061.859985,1069.939941,1060.680054,1066.359985,1066.359985,1565200
5/21/18,1074.060059,1088,1073.650024,1079.579956,1079.579956,1023200
5/22/18,1083.560059,1086.589966,1066.689941,1069.72998,1069.72998,1090000
5/23/18,1065.130005,1080.780029,1061.709961,1079.689941,1079.689941,1060700
5/24/18,1079,1080.469971,1066.150024,1079.23999,1079.23999,766800
5/25/18,1079.02002,1082.560059,1073.775024,1075.660034,1075.660034,899400
5/29/18,1064.890015,1073.369995,1055.219971,1060.319946,1060.319946,1865100
5/30/18,1063.030029,1069.209961,1056.829956,1067.800049,1067.800049,1138500
5/31/18,1067.560059,1097.189941,1067.560059,1084.98999,1084.98999,3088300
6/1/18,1099.349976,1120,1098.5,1119.5,1119.5,2421600
6/4/18,1122.329956,1141.890015,1122.005005,1139.290039,1139.290039,1889600
6/5/18,1140.98999,1145.738037,1133.189941,1139.660034,1139.660034,1678000
6/6/18,1142.170044,1143,1125.743042,1136.880005,1136.880005,1698200
6/7/18,1131.319946,1135.819946,1116.52002,1123.859985,1123.859985,1520000
6/8/18,1118.180054,1126.670044,1112.150024,1120.869995,1120.869995,1290800
6/11/18,1118.599976,1137.26001,1118.599976,1129.98999,1129.98999,1079300
6/12/18,1131.069946,1139.790039,1130.734985,1139.319946,1139.319946,912000
6/13/18,1141.119995,1146.5,1133.380005,1134.790039,1134.790039,1506400
6/14/18,1143.849976,1155.469971,1140.640015,1152.119995,1152.119995,1343400
6/15/18,1148.859985,1153.420044,1143.484985,1152.26001,1152.26001,2122500
6/18/18,1143.650024,1174.310059,1143.589966,1173.459961,1173.459961,1413700
6/19/18,1158.5,1171.27002,1154.01001,1168.060059,1168.060059,1621000
6/20/18,1175.310059,1186.286011,1169.160034,1169.839966,1169.839966,1648500
6/21/18,1174.849976,1177.295044,1152.232056,1157.660034,1157.660034,1238100
6/22/18,1159.140015,1162.496948,1147.26001,1155.47998,1155.47998,1311000
6/25/18,1143.599976,1143.910034,1112.780029,1124.810059,1124.810059,2157300
6/26/18,1128,1133.209961,1116.659058,1118.459961,1118.459961,1563200
6/27/18,1121.339966,1131.83606,1103.619995,1103.97998,1103.97998,1293900
6/28/18,1102.089966,1122.310059,1096.01001,1114.219971,1114.219971,1072400
6/29/18,1120,1128.227051,1115,1115.650024,1115.650024,1315100
7/2/18,1099,1128,1093.800049,1127.459961,1127.459961,1217300
7/3/18,1135.819946,1135.819946,1100.02002,1102.890015,1102.890015,679000
7/5/18,1110.530029,1127.5,1108.47998,1124.27002,1124.27002,1066700
7/6/18,1123.579956,1140.930054,1120.737061,1140.170044,1140.170044,996100
7/9/18,1148.47998,1154.670044,1143.420044,1154.050049,1154.050049,909000
7/10/18,1156.97998,1159.589966,1149.589966,1152.839966,1152.839966,798400
7/11/18,1144.589966,1164.290039,1141,1153.900024,1153.900024,1120000
7/12/18,1159.890015,1184.410034,1155.935059,1183.47998,1183.47998,1251900
7/13/18,1185,1195.416992,1180,1188.819946,1188.819946,1221900
7/16/18,1189.390015,1191,1179.280029,1183.859985,1183.859985,1055700
7/17/18,1172.219971,1203.040039,1170.599976,1198.800049,1198.800049,1610400
7/18/18,1196.560059,1204.5,1190.339966,1195.880005,1195.880005,1393600
7/19/18,1191,1200,1183.319946,1186.959961,1186.959961,1276700
7/20/18,1186.959961,1196.859985,1184.219971,1184.910034,1184.910034,1247400
7/23/18,1181.01001,1206.48999,1181,1205.5,1205.5,2619200
7/24/18,1262.589966,1266,1235.560059,1248.079956,1248.079956,3318200
7/25/18,1239.130005,1265.859985,1239.130005,1263.699951,1263.699951,2127800
7/26/18,1251,1269.770996,1249.02002,1268.329956,1268.329956,2405600
7/27/18,1271,1273.890015,1231,1238.5,1238.5,2130600
7/30/18,1228.01001,1234.916016,1211.469971,1219.73999,1219.73999,1849900
7/31/18,1220.01001,1227.588013,1205.599976,1217.26001,1217.26001,1644700
8/1/18,1228,1233.469971,1210.209961,1220.01001,1220.01001,1567200
8/2/18,1205.900024,1229.880005,1204.790039,1226.150024,1226.150024,1531300
8/3/18,1229.619995,1230,1215.060059,1223.709961,1223.709961,1089600
8/6/18,1225,1226.088013,1215.796997,1224.77002,1224.77002,1081700
8/7/18,1237,1251.170044,1236.170044,1242.219971,1242.219971,1494000
8/8/18,1240.469971,1256.5,1238.008057,1245.609985,1245.609985,1370300
8/9/18,1249.900024,1255.541992,1246.01001,1249.099976,1249.099976,848600
8/10/18,1243,1245.694946,1232,1237.609985,1237.609985,1108700
8/13/18,1236.97998,1249.272949,1233.640991,1235.01001,1235.01001,997300
8/14/18,1235.189941,1245.869995,1225.109985,1242.099976,1242.099976,1348100
8/15/18,1229.26001,1235.23999,1209.51001,1214.380005,1214.380005,1828800
8/16/18,1224.72998,1226,1202.550049,1206.48999,1206.48999,1343200
8/17/18,1202.030029,1209.02002,1188.23999,1200.959961,1200.959961,1389600
8/20/18,1205.02002,1211,1194.625977,1207.77002,1207.77002,870800
8/21/18,1208,1217.26001,1200.354004,1201.619995,1201.619995,1205600
8/22/18,1200,1211.839966,1199,1207.329956,1207.329956,887400
8/23/18,1207.140015,1221.280029,1204.23999,1205.380005,1205.380005,992600
8/24/18,1208.819946,1221.650024,1206.359009,1220.650024,1220.650024,946600
8/27/18,1227.599976,1243.089966,1225.715942,1241.819946,1241.819946,1156300
8/28/18,1241.290039,1242.545044,1228.689941,1231.150024,1231.150024,1304000
8/29/18,1237.449951,1250.660034,1236.359009,1249.300049,1249.300049,1298900
8/30/18,1244.22998,1253.63501,1232.589966,1239.119995,1239.119995,1331400
8/31/18,1234.97998,1238.660034,1211.285034,1218.189941,1218.189941,1816400
9/4/18,1204.27002,1212.98999,1192.5,1197,1197,1831000
9/5/18,1193.800049,1199.01001,1162,1186.47998,1186.47998,2061300
9/6/18,1186.300049,1186.300049,1152,1171.439941,1171.439941,1888500
9/7/18,1158.670044,1175.26001,1157.214966,1164.829956,1164.829956,1401300
9/10/18,1172.189941,1174.540039,1160.109985,1164.640015,1164.640015,1115400
9/11/18,1161.630005,1178.680054,1156.23999,1177.359985,1177.359985,1209300
9/12/18,1172.719971,1178.609985,1158.359985,1162.819946,1162.819946,1295500
9/13/18,1170.73999,1178.609985,1162.849976,1175.329956,1175.329956,1431200
9/14/18,1179.099976,1180.425049,1168.329956,1172.530029,1172.530029,944000
9/17/18,1170.140015,1177.23999,1154.030029,1156.050049,1156.050049,1306500
9/18/18,1157.089966,1176.079956,1157.089966,1161.219971,1161.219971,1203600
9/19/18,1164.97998,1173.209961,1154.579956,1171.089966,1171.089966,1191400
9/20/18,1179.98999,1189.890015,1173.359985,1186.869995,1186.869995,1225400
9/21/18,1192,1192.209961,1166.040039,1166.089966,1166.089966,4405600
9/24/18,1157.170044,1178,1146.910034,1173.369995,1173.369995,1271000
9/25/18,1176.150024,1186.880005,1168,1184.650024,1184.650024,977700
9/26/18,1185.150024,1194.22998,1174.765015,1180.48999,1180.48999,1462300
9/27/18,1186.72998,1202.099976,1183.630005,1194.640015,1194.640015,1260800
9/28/18,1191.869995,1195.410034,1184.5,1193.469971,1193.469971,1380600
10/1/18,1199.890015,1209.900024,1190.300049,1195.310059,1195.310059,1357600
10/2/18,1190.959961,1209.959961,1186.630005,1200.109985,1200.109985,1687900
10/3/18,1205,1206.410034,1193.829956,1202.949951,1202.949951,1256200
10/4/18,1195.329956,1197.51001,1155.57605,1168.189941,1168.189941,2209500
10/5/18,1167.5,1173.5,1145.119995,1157.349976,1157.349976,1184300
10/8/18,1150.109985,1168,1127.364014,1148.969971,1148.969971,1932400
10/9/18,1146.150024,1154.349976,1137.572021,1138.819946,1138.819946,1308700
10/10/18,1131.079956,1132.170044,1081.130005,1081.219971,1081.219971,2675700
10/11/18,1072.939941,1106.400024,1068.27002,1079.319946,1079.319946,2949000
10/12/18,1108,1115,1086.401978,1110.079956,1110.079956,2101300
10/15/18,1108.910034,1113.446045,1089,1092.25,1092.25,1372400
10/16/18,1104.589966,1124.219971,1102.5,1121.280029,1121.280029,1928500
10/17/18,1126.459961,1128.98999,1102.189941,1115.689941,1115.689941,1467200
10/18/18,1121.839966,1121.839966,1077.089966,1087.969971,1087.969971,2094500
10/19/18,1093.369995,1110.359985,1087.75,1096.459961,1096.459961,1267600
10/22/18,1103.060059,1112.22998,1091,1101.160034,1101.160034,1514200
10/23/18,1080.890015,1107.890015,1070,1103.689941,1103.689941,1848700
10/24/18,1104.25,1106.119995,1048.73999,1050.709961,1050.709961,1982400
10/25/18,1071.790039,1110.97998,1069.550049,1095.569946,1095.569946,2545800
10/26/18,1037.030029,1106.530029,1034.089966,1071.469971,1071.469971,4187600
10/29/18,1082.469971,1097.040039,995.830017,1020.080017,1020.080017,3880700
10/30/18,1008.460022,1037.48999,1000.75,1036.209961,1036.209961,3212700
10/31/18,1059.810059,1091.939941,1057,1076.77002,1076.77002,2529800
11/1/18,1075.800049,1083.974976,1062.459961,1070,1070,1482000
11/2/18,1073.72998,1082.974976,1054.609985,1057.790039,1057.790039,1839000
11/5/18,1055,1058.469971,1021.23999,1040.089966,1040.089966,2441400
11/6/18,1039.47998,1064.344971,1038.069946,1055.810059,1055.810059,1233300
11/7/18,1069,1095.459961,1065.900024,1093.390015,1093.390015,2058400
11/8/18,1091.380005,1093.27002,1072.204956,1082.400024,1082.400024,1488200
11/9/18,1073.98999,1075.560059,1053.109985,1066.150024,1066.150024,1343200
11/12/18,1061.390015,1062.119995,1031,1038.630005,1038.630005,1471800
11/13/18,1043.290039,1056.60498,1031.150024,1036.050049,1036.050049,1513700
11/14/18,1050,1054.563965,1031,1043.660034,1043.660034,1565900
11/15/18,1044.709961,1071.849976,1031.780029,1064.709961,1064.709961,1836100
11/16/18,1059.410034,1067,1048.97998,1061.48999,1061.48999,1658100
11/19/18,1057.199951,1060.790039,1016.26001,1020,1020,1858600
11/20/18,1000,1031.73999,996.02002,1025.76001,1025.76001,2449100
11/21/18,1036.76001,1048.560059,1033.469971,1037.609985,1037.609985,1534300
11/23/18,1030,1037.589966,1022.398987,1023.880005,1023.880005,691500
11/26/18,1038.349976,1049.310059,1033.910034,1048.619995,1048.619995,1942800
11/27/18,1041,1057.579956,1038.48999,1044.410034,1044.410034,1803200
11/28/18,1048.76001,1086.839966,1035.76001,1086.22998,1086.22998,2475400
11/29/18,1076.079956,1094.244995,1076,1088.300049,1088.300049,1468900
11/30/18,1089.069946,1095.569946,1077.880005,1094.430054,1094.430054,2580200
12/3/18,1123.140015,1124.650024,1103.665039,1106.430054,1106.430054,1991200
12/4/18,1103.119995,1104.420044,1049.97998,1050.819946,1050.819946,2345200
12/6/18,1034.26001,1071.199951,1030.77002,1068.72998,1068.72998,2769200
12/7/18,1060.01001,1075.26001,1028.5,1036.579956,1036.579956,2101200
12/10/18,1035.050049,1048.449951,1023.289978,1039.550049,1039.550049,1807700
12/11/18,1056.48999,1060.599976,1039.839966,1051.75,1051.75,1394700
12/12/18,1068,1081.650024,1062.790039,1063.680054,1063.680054,1523800
12/13/18,1068.069946,1079.76001,1053.930054,1061.900024,1061.900024,1329800
12/14/18,1049.97998,1062.599976,1040.790039,1042.099976,1042.099976,1686600
12/17/18,1037.51001,1053.150024,1007.900024,1016.530029,1016.530029,2385400
12/18/18,1026.089966,1049.47998,1021.440002,1028.709961,1028.709961,2192500
12/19/18,1033.98999,1062,1008.049988,1023.01001,1023.01001,2479300
12/20/18,1018.130005,1034.219971,996.359985,1009.409973,1009.409973,2673500
12/21/18,1015.299988,1024.02002,973.690002,979.539978,979.539978,4596000
12/24/18,973.900024,1003.539978,970.109985,976.219971,976.219971,1590300
12/26/18,989.01001,1040,983,1039.459961,1039.459961,2373300
12/27/18,1017.150024,1043.890015,997,1043.880005,1043.880005,2109800
12/28/18,1049.619995,1055.560059,1033.099976,1037.079956,1037.079956,1414800
12/31/18,1050.959961,1052.699951,1023.590027,1035.609985,1035.609985,1493300
1/2/19,1016.570007,1052.319946,1015.710022,1045.849976,1045.849976,1532600
1/3/19,1041,1056.97998,1014.070007,1016.059998,1016.059998,1841100
1/4/19,1032.589966,1070.839966,1027.417969,1070.709961,1070.709961,2093900
1/7/19,1071.5,1074,1054.76001,1068.390015,1068.390015,1981900
1/8/19,1076.109985,1084.560059,1060.530029,1076.280029,1076.280029,1764900
1/9/19,1081.650024,1082.630005,1066.400024,1074.660034,1074.660034,1199300
1/10/19,1067.660034,1071.150024,1057.709961,1070.329956,1070.329956,1456400
1/11/19,1063.180054,1063.775024,1048.47998,1057.189941,1057.189941,1520800
1/14/19,1046.920044,1051.530029,1041.255005,1044.689941,1044.689941,1144300
1/15/19,1050.170044,1080.050049,1047.339966,1077.150024,1077.150024,1463600
1/16/19,1080,1092.375,1079.339966,1080.969971,1080.969971,1331800
1/17/19,1079.469971,1091.800049,1073.5,1089.900024,1089.900024,1242700
1/18/19,1100,1108.352051,1090.900024,1098.26001,1098.26001,1955600
1/22/19,1088,1091.51001,1063.469971,1070.52002,1070.52002,1613500
1/23/19,1077.349976,1084.930054,1059.75,1075.569946,1075.569946,967000
1/24/19,1076.47998,1079.474976,1060.699951,1073.900024,1073.900024,1361300
1/25/19,1085,1094,1081.819946,1090.98999,1090.98999,1119100
1/28/19,1080.109985,1083,1063.800049,1070.079956,1070.079956,1284300
1/29/19,1072.680054,1075.150024,1055.86499,1060.619995,1060.619995,1021800
1/30/19,1068.430054,1091,1066.849976,1089.060059,1089.060059,1279800
1/31/19,1103,1117.329956,1095.410034,1116.369995,1116.369995,1538300
2/1/19,1112.400024,1125,1104.890015,1110.75,1110.75,1462200
2/4/19,1112.660034,1132.800049,1109.02002,1132.800049,1132.800049,2576500
2/5/19,1124.839966,1146.849976,1117.248047,1145.98999,1145.98999,3552200
2/6/19,1139.569946,1147,1112.77002,1115.22998,1115.22998,2105600
2/7/19,1104.160034,1104.839966,1086,1098.709961,1098.709961,2044800
2/8/19,1087,1098.910034,1086.550049,1095.060059,1095.060059,1075800
2/11/19,1096.949951,1105.944946,1092.859985,1095.01001,1095.01001,1065200
2/12/19,1106.800049,1125.295044,1105.849976,1121.369995,1121.369995,1609100
2/13/19,1124.98999,1134.72998,1118.5,1120.160034,1120.160034,1049800
2/14/19,1118.050049,1128.22998,1110.444946,1121.670044,1121.670044,947600
2/15/19,1130.079956,1131.670044,1110.650024,1113.650024,1113.650024,1449800
2/19/19,1110,1121.890015,1110,1118.560059,1118.560059,1046400
2/20/19,1119.98999,1123.410034,1105.280029,1113.800049,1113.800049,1087800
2/21/19,1110.839966,1111.939941,1092.52002,1096.969971,1096.969971,1415100
2/22/19,1100.900024,1111.23999,1095.599976,1110.369995,1110.369995,1049500
2/25/19,1116,1118.540039,1107.27002,1109.400024,1109.400024,1413100
2/26/19,1105.75,1119.51001,1099.920044,1115.130005,1115.130005,1471300
2/27/19,1106.949951,1117.97998,1101,1116.050049,1116.050049,968400
2/28/19,1111.300049,1127.650024,1111.01001,1119.920044,1119.920044,1542500
3/1/19,1124.900024,1142.969971,1124.75,1140.98999,1140.98999,1450300
3/4/19,1146.98999,1158.280029,1130.689941,1147.800049,1147.800049,1446000
3/5/19,1150.060059,1169.609985,1146.194946,1162.030029,1162.030029,1443200
3/6/19,1162.48999,1167.56604,1155.48999,1157.859985,1157.859985,1099300
3/7/19,1155.719971,1156.755005,1134.910034,1143.300049,1143.300049,1166600
3/8/19,1126.72998,1147.079956,1123.300049,1142.319946,1142.319946,1212400
3/11/19,1144.449951,1176.189941,1144.449951,1175.76001,1175.76001,1719200
3/12/19,1178.26001,1200,1178.26001,1193.199951,1193.199951,2013100
3/13/19,1200.64502,1200.930054,1191.939941,1193.319946,1193.319946,1435900
3/14/19,1194.51001,1197.880005,1184.47998,1185.550049,1185.550049,1172800
3/15/19,1193.380005,1196.569946,1182.609985,1184.459961,1184.459961,2461800
3/18/19,1183.300049,1190,1177.421021,1184.26001,1184.26001,1292600
3/19/19,1188.810059,1200,1185.869995,1198.849976,1198.849976,1520700
3/20/19,1197.349976,1227.140015,1196.170044,1223.969971,1223.969971,2227400
3/21/19,1216,1231.790039,1213.150024,1231.540039,1231.540039,1204000
3/22/19,1226.319946,1230,1202.824951,1205.5,1205.5,1714200
3/25/19,1196.930054,1206.397949,1187.040039,1193,1193,1496800
3/26/19,1198.530029,1202.829956,1176.719971,1184.619995,1184.619995,1901200
3/27/19,1185.5,1187.55896,1159.369995,1173.02002,1173.02002,1400200
3/28/19,1171.540039,1171.564941,1159.43103,1168.48999,1168.48999,961700
3/29/19,1174.900024,1178.98999,1162.880005,1173.310059,1173.310059,1269900
4/1/19,1184.099976,1196.660034,1182,1194.430054,1194.430054,1252500
4/2/19,1195.319946,1201.349976,1185.709961,1200.48999,1200.48999,827900
4/3/19,1207.47998,1216.300049,1200.5,1205.920044,1205.920044,1014300
4/4/19,1205.939941,1215.670044,1204.130005,1215,1215,950000
4/5/19,1214.98999,1216.219971,1205.030029,1207.150024,1207.150024,907200
4/8/19,1207.890015,1208.689941,1199.859985,1203.839966,1203.839966,860200
4/9/19,1196,1202.290039,1193.079956,1197.25,1197.25,876400
4/10/19,1200.680054,1203.785034,1196.435059,1202.160034,1202.160034,724600
4/11/19,1203.959961,1207.959961,1200.130005,1204.619995,1204.619995,710200
4/12/19,1210,1218.349976,1208.109985,1217.869995,1217.869995,933400
4/15/19,1218,1224.199951,1209.109985,1221.099976,1221.099976,1187400
4/16/19,1225,1230.819946,1220.119995,1227.130005,1227.130005,856300
4/17/19,1233,1240.560059,1227.819946,1236.339966,1236.339966,1221900
4/18/19,1239.180054,1242,1234.609985,1236.369995,1236.369995,1331800
4/22/19,1235.98999,1249.089966,1228.310059,1248.839966,1248.839966,807300
4/23/19,1250.689941,1269,1246.380005,1264.550049,1264.550049,1319900
4/24/19,1264.119995,1268.01001,1255,1256,1256,1018800
4/25/19,1264.77002,1267.407959,1252.030029,1263.449951,1263.449951,1107300
4/26/19,1269,1273.069946,1260.319946,1272.180054,1272.180054,1241400
4/29/19,1274,1289.27002,1266.295044,1287.579956,1287.579956,2499400
4/30/19,1185,1192.810059,1175,1188.47998,1188.47998,6207000
5/1/19,1188.050049,1188.050049,1167.180054,1168.079956,1168.079956,2639200
5/2/19,1167.76001,1174.189941,1155.001953,1162.609985,1162.609985,1944800
5/3/19,1173.650024,1186.800049,1169,1185.400024,1185.400024,1980700
5/6/19,1166.26001,1190.849976,1166.26001,1189.390015,1189.390015,1563900
5/7/19,1180.469971,1190.439941,1161.040039,1174.099976,1174.099976,1551400
5/8/19,1172.01001,1180.42395,1165.73999,1166.27002,1166.27002,1309300
5/9/19,1159.030029,1169.660034,1150.849976,1162.380005,1162.380005,1185700
5/10/19,1163.589966,1172.599976,1142.5,1164.27002,1164.27002,1314500
5/13/19,1141.959961,1147.939941,1122.109985,1132.030029,1132.030029,1860600
5/14/19,1137.209961,1140.420044,1119.550049,1120.439941,1120.439941,1836600
5/15/19,1117.869995,1171.329956,1116.666016,1164.209961,1164.209961,2289300
5/16/19,1164.51001,1188.160034,1162.839966,1178.97998,1178.97998,1531400
5/17/19,1168.469971,1180.150024,1160.01001,1162.300049,1162.300049,1208600
5/20/19,1144.5,1146.796997,1131.442993,1138.849976,1138.849976,1353300
5/21/19,1148.48999,1152.708008,1137.939941,1149.630005,1149.630005,1159800
5/22/19,1146.75,1158.52002,1145.890015,1151.420044,1151.420044,914500
5/23/19,1140.5,1145.973022,1129.223999,1140.77002,1140.77002,1198900
5/24/19,1147.359985,1149.765015,1131.660034,1133.469971,1133.469971,1112000
5/28/19,1134,1151.587036,1133.119995,1134.150024,1134.150024,1365000
5/29/19,1127.52002,1129.099976,1108.219971,1116.459961,1116.459961,1538200
5/30/19,1115.540039,1123.130005,1112.119995,1117.949951,1117.949951,951900
5/31/19,1101.290039,1109.599976,1100.180054,1103.630005,1103.630005,1507800
6/3/19,1065.5,1065.5,1025,1036.22998,1036.22998,5130600
6/4/19,1042.900024,1056.050049,1033.689941,1053.050049,1053.050049,2833500
6/5/19,1051.540039,1053.550049,1030.48999,1042.219971,1042.219971,2168400
6/6/19,1044.98999,1047.48999,1033.699951,1044.339966,1044.339966,1703200
6/7/19,1050.630005,1070.920044,1048.400024,1066.040039,1066.040039,1802400
6/10/19,1072.97998,1092.660034,1072.322021,1080.380005,1080.380005,1464200
6/11/19,1093.97998,1101.98999,1077.603027,1078.719971,1078.719971,1436700
6/12/19,1078,1080.930054,1067.540039,1077.030029,1077.030029,1061000
6/13/19,1083.640015,1094.170044,1080.150024,1088.77002,1088.77002,1057700
6/14/19,1086.420044,1092.689941,1080.171997,1085.349976,1085.349976,1111500
6/17/19,1086.280029,1099.180054,1086.280029,1092.5,1092.5,941600
6/18/19,1109.689941,1116.390015,1098.98999,1103.599976,1103.599976,1386700
6/19/19,1105.599976,1107,1093.47998,1102.329956,1102.329956,1338800
6/20/19,1119.98999,1120.119995,1104.73999,1111.420044,1111.420044,1262000
6/21/19,1109.23999,1124.109985,1108.079956,1121.880005,1121.880005,1947600
6/24/19,1119.609985,1122,1111.01001,1115.52002,1115.52002,1395600
6/25/19,1112.660034,1114.349976,1083.800049,1086.349976,1086.349976,1546900
6/26/19,1086.5,1092.969971,1072.23999,1079.800049,1079.800049,1810900
6/27/19,1084,1087.099976,1075.290039,1076.01001,1076.01001,1004300
6/28/19,1076.390015,1081,1073.369995,1080.910034,1080.910034,1693200
7/1/19,1098,1107.579956,1093.703003,1097.949951,1097.949951,1436300
7/2/19,1102.23999,1111.77002,1098.170044,1111.25,1111.25,991600
7/3/19,1117.410034,1126.76001,1113.859985,1121.579956,1121.579956,767000
7/5/19,1117.800049,1132.880005,1116.140015,1131.589966,1131.589966,1264300
7/8/19,1125.170044,1125.97998,1111.209961,1116.349976,1116.349976,1236400
7/9/19,1111.800049,1128.025024,1107.170044,1124.829956,1124.829956,1330400
7/10/19,1131.219971,1142.050049,1130.969971,1140.47998,1140.47998,1209500
7/11/19,1143.25,1153.069946,1139.579956,1144.209961,1144.209961,1195500
7/12/19,1143.98999,1147.339966,1138.780029,1144.900024,1144.900024,864000
7/15/19,1146.859985,1150.819946,1139.400024,1150.339966,1150.339966,903800
7/16/19,1146,1158.579956,1145,1153.579956,1153.579956,1238800
7/17/19,1150.969971,1158.359985,1145.77002,1146.349976,1146.349976,1170000
7/18/19,1141.73999,1147.60498,1132.72998,1146.329956,1146.329956,1290700
7/19/19,1148.189941,1151.140015,1129.619995,1130.099976,1130.099976,1647200
7/22/19,1133.449951,1139.25,1124.23999,1138.069946,1138.069946,1301500
7/23/19,1144,1146.900024,1131.800049,1146.209961,1146.209961,1093700
7/24/19,1131.900024,1144,1126.98999,1137.810059,1137.810059,1589800
7/25/19,1137.819946,1141.699951,1120.920044,1132.119995,1132.119995,2209800
7/26/19,1224.040039,1265.550049,1224,1250.410034,1250.410034,4805800
7/29/19,1241.050049,1247.369995,1228.22998,1239.410034,1239.410034,2223700
7/30/19,1225.410034,1234.869995,1223.300049,1225.140015,1225.140015,1453300
7/31/19,1223,1234,1207.764038,1216.680054,1216.680054,1725500
8/1/19,1214.030029,1234.109985,1205.719971,1209.01001,1209.01001,1698500
8/2/19,1200.73999,1206.900024,1188.939941,1193.98999,1193.98999,1645100
8/5/19,1170.040039,1175.23999,1140.140015,1152.319946,1152.319946,2597500
8/6/19,1163.310059,1179.959961,1160,1169.949951,1169.949951,1709400
8/7/19,1156,1178.444946,1149.624023,1173.98999,1173.98999,1444300
8/8/19,1182.829956,1205.01001,1173.02002,1204.800049,1204.800049,1468000
8/9/19,1197.98999,1203.880005,1183.603027,1188.01001,1188.01001,1065700
8/12/19,1179.209961,1184.959961,1167.671997,1174.709961,1174.709961,1003000
8/13/19,1171.459961,1204.780029,1171.459961,1197.27002,1197.27002,1294400
8/14/19,1176.310059,1182.300049,1160.540039,1164.290039,1164.290039,1578700
8/15/19,1163.5,1175.839966,1162.109985,1167.26001,1167.26001,1218700
8/16/19,1179.550049,1182.719971,1171.810059,1177.599976,1177.599976,1313300
8/19/19,1190.089966,1206.98999,1190.089966,1198.449951,1198.449951,1231600
8/20/19,1195.25,1196.060059,1182.109985,1182.689941,1182.689941,915500
8/21/19,1193.150024,1199,1187.430054,1191.25,1191.25,740700
8/22/19,1194.069946,1198.011963,1178.579956,1189.530029,1189.530029,947500
8/23/19,1181.98999,1194.079956,1147.75,1151.290039,1151.290039,1687000
8/26/19,1157.26001,1169.469971,1152.959961,1168.890015,1168.890015,1226100
8/27/19,1180.530029,1182.400024,1161.449951,1167.839966,1167.839966,1077200
8/28/19,1161.709961,1176.420044,1157.300049,1171.02002,1171.02002,802000
8/29/19,1181.119995,1196.060059,1181.119995,1192.849976,1192.849976,1088400
8/30/19,1198.5,1198.5,1183.802979,1188.099976,1188.099976,1129800
9/3/19,1177.030029,1186.890015,1163.199951,1168.390015,1168.390015,1479900
9/4/19,1176.709961,1183.47998,1171,1181.410034,1181.410034,1068900
9/5/19,1191.530029,1213.040039,1191.530029,1211.380005,1211.380005,1408100
9/6/19,1208.130005,1212.015015,1202.521973,1204.930054,1204.930054,1072100
9/9/19,1204,1220,1192.619995,1204.410034,1204.410034,1471900
9/10/19,1195.150024,1210,1194.579956,1206,1206,1260100
9/11/19,1203.410034,1222.599976,1202.199951,1220.170044,1220.170044,1307000
9/12/19,1224.300049,1241.859985,1223.02002,1234.25,1234.25,1725900
9/13/19,1231.349976,1240.880005,1227.01001,1239.560059,1239.560059,1301400
9/16/19,1229.52002,1239.560059,1225.609985,1231.300049,1231.300049,1053300
9/17/19,1230.400024,1235,1223.689941,1229.150024,1229.150024,955100
9/18/19,1227.51001,1235.609985,1216.530029,1232.410034,1232.410034,1135100
9/19/19,1232.060059,1244.439941,1232.02002,1238.709961,1238.709961,996000
9/20/19,1233.119995,1243.319946,1223.079956,1229.930054,1229.930054,2270000
9/23/19,1226,1239.089966,1224.170044,1234.030029,1234.030029,1062400
9/24/19,1240,1246.73999,1210.680054,1218.76001,1218.76001,1583200
9/25/19,1215.819946,1248.300049,1210.089966,1246.52002,1246.52002,1453000
9/26/19,1241.959961,1245,1232.267944,1241.390015,1241.390015,1538000
9/27/19,1243.01001,1244.02002,1214.449951,1225.089966,1225.089966,1353900
9/30/19,1220.969971,1226,1212.300049,1219,1219,1404100
10/1/19,1219,1231.22998,1203.579956,1205.099976,1205.099976,1273500
10/2/19,1196.97998,1196.97998,1171.290039,1176.630005,1176.630005,1615100
10/3/19,1180,1189.060059,1162.430054,1187.829956,1187.829956,1621200
10/4/19,1191.890015,1211.439941,1189.170044,1209,1209,1162400
10/7/19,1204.400024,1218.203979,1203.75,1207.680054,1207.680054,842900
10/8/19,1197.589966,1206.079956,1189.01001,1189.130005,1189.130005,1039300
10/9/19,1199.349976,1208.349976,1197.630005,1202.310059,1202.310059,867700
10/10/19,1198.579956,1215,1197.339966,1208.670044,1208.670044,846600
10/11/19,1222.209961,1228.390015,1213.73999,1215.449951,1215.449951,1272700
10/14/19,1212.339966,1226.329956,1211.76001,1217.140015,1217.140015,867500
10/15/19,1220.400024,1247.329956,1220.400024,1243.01001,1243.01001,1381700
10/16/19,1241.170044,1254.73999,1238.449951,1243.640015,1243.640015,1094600
10/17/19,1250.930054,1263.324951,1249.939941,1253.069946,1253.069946,952400
10/18/19,1253.459961,1258.890015,1241.079956,1245.48999,1245.48999,1352800
10/21/19,1252.26001,1254.629028,1240.599976,1246.150024,1246.150024,1027200
10/22/19,1247.849976,1250.599976,1241.380005,1242.800049,1242.800049,1023800
10/23/19,1242.359985,1259.890015,1242.359985,1259.130005,1259.130005,911500
10/24/19,1260.900024,1264,1253.714966,1260.98999,1260.98999,1028100
10/25/19,1251.030029,1269.599976,1250.01001,1265.130005,1265.130005,1213100
10/28/19,1275.449951,1299.310059,1272.540039,1290,1290,2613200
10/29/19,1276.22998,1281.589966,1257.212036,1262.619995,1262.619995,1886400
10/30/19,1252.969971,1269.359985,1252,1261.290039,1261.290039,1408900
10/31/19,1261.280029,1267.670044,1250.843018,1260.109985,1260.109985,1455700
11/1/19,1265,1274.619995,1260.5,1273.73999,1273.73999,1670100
11/4/19,1276.449951,1294.130005,1276.35498,1291.369995,1291.369995,1501000
11/5/19,1292.890015,1298.930054,1291.229004,1292.030029,1292.030029,1282700
11/6/19,1289.459961,1293.72998,1282.5,1291.800049,1291.800049,1153000
11/7/19,1294.280029,1323.73999,1294.244995,1308.859985,1308.859985,2030000
11/8/19,1305.280029,1318,1304.36499,1311.369995,1311.369995,1251400
11/11/19,1303.180054,1306.425049,1297.410034,1299.189941,1299.189941,1011900
11/12/19,1300,1310,1295.77002,1298.800049,1298.800049,1085900
11/13/19,1294.069946,1304.300049,1293.51001,1298,1298,826700
11/14/19,1297.5,1317,1295.650024,1311.459961,1311.459961,1193500
11/15/19,1318.939941,1334.880005,1314.280029,1334.869995,1334.869995,1782600
11/18/19,1332.219971,1335.529053,1317.5,1320.699951,1320.699951,1487400
11/19/19,1327.699951,1327.699951,1312.800049,1315.459961,1315.459961,1269200
11/20/19,1311.73999,1315,1291.150024,1303.050049,1303.050049,1308600
11/21/19,1301.47998,1312.589966,1293,1301.349976,1301.349976,995500
11/22/19,1305.619995,1308.72998,1291.410034,1295.339966,1295.339966,1385700
11/25/19,1299.180054,1311.310059,1298.130005,1306.689941,1306.689941,1036200
11/26/19,1309.859985,1314.800049,1305.089966,1313.550049,1313.550049,1069700
11/27/19,1315,1318.359985,1309.630005,1312.98999,1312.98999,995600
11/29/19,1307.119995,1310.204956,1303.969971,1304.959961,1304.959961,587000
12/2/19,1301,1305.829956,1281,1289.920044,1289.920044,1510900
12/3/19,1279.569946,1298.46106,1279,1295.280029,1295.280029,1143800
12/4/19,1307.01001,1325.800049,1304.869995,1320.540039,1320.540039,1537500
12/5/19,1328,1329.358032,1316.439941,1328.130005,1328.130005,1212700
12/6/19,1333.439941,1344,1333.439941,1340.619995,1340.619995,1314800
12/9/19,1338.040039,1359.449951,1337.839966,1343.560059,1343.560059,1354300
12/10/19,1341.5,1349.974976,1336.040039,1344.660034,1344.660034,1094100
12/11/19,1350.839966,1351.199951,1342.670044,1345.02002,1345.02002,850400
12/12/19,1345.939941,1355.775024,1340.5,1350.27002,1350.27002,1281000
12/13/19,1347.949951,1353.093018,1343.869995,1347.829956,1347.829956,1549600
12/16/19,1356.5,1364.680054,1352.670044,1361.170044,1361.170044,1397300
12/17/19,1362.890015,1365,1351.322998,1355.119995,1355.119995,1854000
12/18/19,1356.599976,1360.469971,1351,1352.619995,1352.619995,1522600
12/19/19,1351.819946,1358.099976,1348.984985,1356.040039,1356.040039,1469900
12/20/19,1363.349976,1363.640015,1349,1349.589966,1349.589966,3315000
12/23/19,1355.869995,1359.800049,1346.51001,1348.839966,1348.839966,883100
12/24/19,1348.5,1350.26001,1342.780029,1343.560059,1343.560059,347500
12/26/19,1346.170044,1361.327026,1344.469971,1360.400024,1360.400024,667500
12/27/19,1362.98999,1364.530029,1349.310059,1351.890015,1351.890015,1038400
12/30/19,1350,1353,1334.02002,1336.140015,1336.140015,1050900
12/31/19,1330.109985,1338,1329.084961,1337.02002,1337.02002,961800
1/2/20,1341.550049,1368.140015,1341.550049,1367.369995,1367.369995,1406600
1/3/20,1347.859985,1372.5,1345.543945,1360.660034,1360.660034,1186400
1/6/20,1350,1396.5,1350,1394.209961,1394.209961,1732300
1/7/20,1397.939941,1402.98999,1390.380005,1393.339966,1393.339966,1502700
1/8/20,1392.079956,1411.579956,1390.839966,1404.319946,1404.319946,1528000
1/9/20,1420.569946,1427.329956,1410.27002,1419.829956,1419.829956,1500900
1/10/20,1427.560059,1434.928955,1418.349976,1429.72998,1429.72998,1820700
1/13/20,1436.130005,1440.52002,1426.02002,1439.22998,1439.22998,1652300
1/14/20,1439.01001,1441.800049,1428.369995,1430.880005,1430.880005,1558900
1/15/20,1430.209961,1441.39502,1430.209961,1439.199951,1439.199951,1282700
1/16/20,1447.439941,1451.98999,1440.920044,1451.699951,1451.699951,1173700
1/17/20,1462.910034,1481.295044,1458.219971,1480.390015,1480.390015,2396200
1/21/20,1479.119995,1491.849976,1471.199951,1484.400024,1484.400024,2036700
1/22/20,1491,1503.213989,1484.930054,1485.949951,1485.949951,1610800
1/23/20,1487.640015,1495.52002,1482.099976,1486.650024,1486.650024,1351200
1/24/20,1493.589966,1495.494995,1465.25,1466.709961,1466.709961,1784600
1/27/20,1431,1438.069946,1421.199951,1433.900024,1433.900024,1755200
1/28/20,1443,1456,1432.469971,1452.560059,1452.560059,1577400
1/29/20,1458.800049,1465.430054,1446.73999,1458.630005,1458.630005,1077700
1/30/20,1439.959961,1457.280029,1436.400024,1455.839966,1455.839966,1339400
1/31/20,1468.900024,1470.130005,1428.530029,1434.22998,1434.22998,2417200
2/3/20,1462,1490,1458.98999,1485.939941,1485.939941,3036800
2/4/20,1457.069946,1469.5,1426.300049,1447.069946,1447.069946,3933000
2/5/20,1462.420044,1463.839966,1430.560059,1448.22998,1448.22998,1986200
2/6/20,1450.329956,1482,1449.569946,1476.22998,1476.22998,1679400
2/7/20,1467.300049,1485.839966,1466.349976,1479.22998,1479.22998,1172300
2/10/20,1474.319946,1509.5,1474.319946,1508.680054,1508.680054,1419900
2/11/20,1511.810059,1529.630005,1505.637939,1508.790039,1508.790039,1344600
2/12/20,1514.47998,1520.694946,1508.109985,1518.27002,1518.27002,1167600
2/13/20,1512.689941,1527.180054,1504.599976,1514.660034,1514.660034,929500
2/14/20,1515.599976,1520.73999,1507.339966,1520.73999,1520.73999,1197800
2/18/20,1515,1531.630005,1512.589966,1519.670044,1519.670044,1120700
2/19/20,1525.069946,1532.105957,1521.400024,1526.689941,1526.689941,949300
2/20/20,1522,1529.640015,1506.819946,1518.150024,1518.150024,1096600
2/21/20,1508.030029,1512.214966,1480.439941,1485.109985,1485.109985,1731700
2/24/20,1426.109985,1436.969971,1411.390015,1421.589966,1421.589966,2867100
2/25/20,1433,1438.140015,1382.400024,1388.449951,1388.449951,2478300
2/26/20,1396.140015,1415.699951,1379,1393.180054,1393.180054,2202400
2/27/20,1362.060059,1371.703979,1317.170044,1318.089966,1318.089966,2978300
2/28/20,1277.5,1341.140015,1271,1339.329956,1339.329956,3789100
3/2/20,1351.609985,1390.869995,1326.814941,1389.109985,1389.109985,2431500
3/3/20,1399.420044,1410.150024,1332,1341.390015,1341.390015,2402300
3/4/20,1359.22998,1388.089966,1343.109985,1386.52002,1386.52002,1913300
3/5/20,1350.199951,1358.910034,1305.099976,1319.040039,1319.040039,2561300
3/6/20,1277.060059,1306.219971,1261.050049,1298.410034,1298.410034,2660600
3/9/20,1205.300049,1254.76001,1200,1215.560059,1215.560059,3365400
3/10/20,1260,1281.150024,1218.77002,1280.390015,1280.390015,2611400
3/11/20,1249.699951,1260.959961,1196.069946,1215.410034,1215.410034,2608500
3/12/20,1126,1193.869995,1113.300049,1114.910034,1114.910034,4226700
3/13/20,1179,1219.76001,1117.142944,1219.72998,1219.72998,3700100
3/16/20,1096,1152.266968,1074.439941,1084.329956,1084.329956,4252400
3/17/20,1093.109985,1130.859985,1056.01001,1119.800049,1119.800049,3861500
3/18/20,1056.51001,1106.5,1037.280029,1096.800049,1096.800049,4233400
3/19/20,1093.050049,1157.969971,1060.108032,1115.290039,1115.290039,3651100
3/20/20,1135.719971,1143.98999,1065.48999,1072.319946,1072.319946,3601800
3/23/20,1061.319946,1071.319946,1013.536011,1056.619995,1056.619995,4044100
3/24/20,1103.77002,1135,1090.619995,1134.459961,1134.459961,3344500
3/25/20,1126.469971,1148.900024,1086.01001,1102.48999,1102.48999,4081500
3/26/20,1111.800049,1169.969971,1093.530029,1161.75,1161.75,3571700
3/27/20,1125.670044,1150.670044,1105.910034,1110.709961,1110.709961,3208500
3/30/20,1125.040039,1151.630005,1096.47998,1146.819946,1146.819946,2574100
3/31/20,1147.300049,1175.310059,1138.140015,1162.810059,1162.810059,2486400
4/1/20,1122,1129.689941,1097.449951,1105.619995,1105.619995,2344200
4/2/20,1098.26001,1126.859985,1096.400024,1120.839966,1120.839966,1964900
4/3/20,1119.015015,1123.540039,1079.810059,1097.880005,1097.880005,2313400
4/6/20,1138,1194.660034,1130.939941,1186.920044,1186.920044,2664700
4/7/20,1221,1225,1182.22998,1186.51001,1186.51001,2387300
4/8/20,1206.5,1219.069946,1188.160034,1210.280029,1210.280029,1975100
4/9/20,1224.079956,1225.569946,1196.734985,1211.449951,1211.449951,2175400
4/13/20,1209.180054,1220.51001,1187.598022,1217.560059,1217.560059,1739800
4/14/20,1245.089966,1282.069946,1236.930054,1269.22998,1269.22998,2470400
4/15/20,1245.609985,1280.459961,1240.400024,1262.469971,1262.469971,1671700
4/16/20,1274.099976,1279,1242.619995,1263.469971,1263.469971,2518100
4/17/20,1284.849976,1294.430054,1271.22998,1283.25,1283.25,1949000
4/20/20,1271,1281.599976,1261.369995,1266.609985,1266.609985,1695500
4/21/20,1247,1254.27002,1209.709961,1216.339966,1216.339966,2153000
4/22/20,1245.540039,1285.613037,1242,1263.209961,1263.209961,2092400
4/23/20,1271.550049,1293.310059,1265.670044,1276.310059,1276.310059,1566200
4/24/20,1261.170044,1280.400024,1249.449951,1279.310059,1279.310059,1639600
4/27/20,1296,1296.150024,1269,1275.880005,1275.880005,1600600
4/28/20,1287.930054,1288.050049,1232.199951,1233.670044,1233.670044,2951300
4/29/20,1341.459961,1359.98999,1325.339966,1341.47998,1341.47998,3793600
4/30/20,1324.880005,1352.819946,1322.48999,1348.660034,1348.660034,2668900
5/1/20,1328.5,1352.069946,1311,1320.609985,1320.609985,2072500
5/4/20,1308.22998,1327.660034,1299,1326.800049,1326.800049,1504000
5/5/20,1337.920044,1373.939941,1337.459961,1351.109985,1351.109985,1651500
5/6/20,1361.689941,1371.119995,1347.290039,1347.300049,1347.300049,1215400
5/7/20,1365.939941,1377.599976,1355.27002,1372.560059,1372.560059,1397600
5/8/20,1383.130005,1398.76001,1375.47998,1388.369995,1388.369995,1386900
5/11/20,1378.280029,1416.530029,1377.151978,1403.26001,1403.26001,1412100
5/12/20,1407.119995,1415,1374.77002,1375.73999,1375.73999,1390600
5/13/20,1377.050049,1385.482056,1328.400024,1349.329956,1349.329956,1812600
5/14/20,1335.02002,1357.420044,1323.910034,1356.130005,1356.130005,1603100
5/15/20,1350,1374.47998,1339,1373.189941,1373.189941,1707700
5/18/20,1361.75,1392.324951,1354.25,1383.939941,1383.939941,1822400
5/19/20,1386.996948,1392,1373.484985,1373.484985,1373.484985,1280600
5/20/20,1389.579956,1410.420044,1387.25,1406.719971,1406.719971,1655400
5/21/20,1408,1415.48999,1393.449951,1402.800049,1402.800049,1385000
5/22/20,1396.709961,1412.76001,1391.829956,1410.420044,1410.420044,1309400
5/26/20,1437.27002,1441,1412.130005,1417.02002,1417.02002,2060600
5/27/20,1417.25,1421.73999,1391.290039,1417.839966,1417.839966,1685800
5/28/20,1396.859985,1440.839966,1396,1416.72998,1416.72998,1692200
5/29/20,1416.939941,1432.569946,1413.349976,1428.920044,1428.920044,1820900
6/1/20,1418.390015,1437.959961,1418,1431.819946,1431.819946,1217100
6/2/20,1430.550049,1439.609985,1418.829956,1439.219971,1439.219971,1278100
6/3/20,1438.300049,1446.552002,1429.776978,1436.380005,1436.380005,1256200
6/4/20,1430.400024,1438.959961,1404.72998,1412.180054,1412.180054,1484300
6/5/20,1413.170044,1445.050049,1406,1438.390015,1438.390015,1734900
6/8/20,1422.339966,1447.98999,1422.339966,1446.609985,1446.609985,1404200
6/9/20,1445.359985,1468,1443.209961,1456.160034,1456.160034,1409200
6/10/20,1459.540039,1474.259033,1456.27002,1465.849976,1465.849976,1525200
6/11/20,1442.47998,1454.474976,1402,1403.839966,1403.839966,1991300
6/12/20,1428.48999,1437,1386.02002,1413.180054,1413.180054,1946400
6/15/20,1390.800049,1424.800049,1387.920044,1419.849976,1419.849976,1503900
6/16/20,1445.219971,1455.02002,1425.900024,1442.719971,1442.719971,1709200
6/17/20,1447.160034,1460,1431.380005,1451.119995,1451.119995,1549600
6/18/20,1449.160034,1451.410034,1427.01001,1435.959961,1435.959961,1581900
6/19/20,1444,1447.800049,1421.349976,1431.719971,1431.719971,3157900
6/22/20,1429,1452.75,1423.209961,1451.859985,1451.859985,1542400
6/23/20,1455.640015,1475.94104,1445.23999,1464.410034,1464.410034,1429800
6/24/20,1461.51001,1475.420044,1429.75,1431.969971,1431.969971,1756000
6/25/20,1429.900024,1442.900024,1420,1441.329956,1441.329956,1230500
6/26/20,1431.390015,1433.449951,1351.98999,1359.900024,1359.900024,4267700
6/29/20,1358.180054,1395.599976,1347.01001,1394.969971,1394.969971,1810200
6/30/20,1390.439941,1418.650024,1383.959961,1413.609985,1413.609985,2042400
7/1/20,1411.099976,1443,1409.819946,1438.040039,1438.040039,1775200
7/2/20,1446.939941,1482.949951,1446.420044,1464.699951,1464.699951,1859100
7/6/20,1480.060059,1506.589966,1472.859985,1495.699951,1495.699951,1564000
7/7/20,1490,1516.800049,1483.550049,1485.180054,1485.180054,1458200
7/8/20,1494.319946,1505.880005,1485.630005,1496,1496,1249700
7/9/20,1506.449951,1522.719971,1488.084961,1510.98999,1510.98999,1423300
7/10/20,1506.150024,1543.829956,1496.540039,1541.73999,1541.73999,1856300
7/13/20,1550,1577.131958,1505.243042,1511.339966,1511.339966,1846400
7/14/20,1490.310059,1522.949951,1483.5,1520.579956,1520.579956,1585000
7/15/20,1523.130005,1535.329956,1498,1513.640015,1513.640015,1610700
7/16/20,1500,1518.689941,1486.310059,1518,1518,1519300
7/17/20,1521.619995,1523.439941,1498.420044,1515.550049,1515.550049,1456700
7/20/20,1515.26001,1570.290039,1503.599976,1565.719971,1565.719971,1557300
7/21/20,1586.98999,1586.98999,1554.280029,1558.420044,1558.420044,1216200
7/22/20,1560.5,1570,1546.099976,1568.48999,1568.48999,932000
7/23/20,1566.969971,1571.869995,1507.391968,1515.680054,1515.680054,1627600
7/24/20,1498.930054,1517.635986,1488.400024,1511.869995,1511.869995,1544000
7/27/20,1515.599976,1540.969971,1515.209961,1530.199951,1530.199951,1246000
7/28/20,1525.180054,1526.47998,1497.660034,1500.339966,1500.339966,1702200
7/29/20,1506.319946,1531.251953,1501.329956,1522.02002,1522.02002,1106500
7/30/20,1497,1537.869995,1492.219971,1531.449951,1531.449951,1671400
7/31/20,1505.01001,1508.949951,1454.030029,1482.959961,1482.959961,3439900
8/3/20,1486.640015,1490.469971,1465.640015,1474.449951,1474.449951,2330200
8/4/20,1476.569946,1485.560059,1458.650024,1464.969971,1464.969971,1903500
8/5/20,1469.300049,1482.410034,1463.459961,1473.609985,1473.609985,1979500
8/6/20,1471.75,1502.390015,1466,1500.099976,1500.099976,1995400
8/7/20,1500,1516.844971,1481.640015,1494.48999,1494.48999,1577800
8/10/20,1487.180054,1504.074951,1473.079956,1496.099976,1496.099976,1289300
8/11/20,1492.439941,1510,1478,1480.319946,1480.319946,1454400
8/12/20,1485.579956,1512.385986,1485.25,1506.619995,1506.619995,1437000
8/13/20,1510.339966,1537.25,1508.005005,1518.449951,1518.449951,1455200
8/14/20,1515.660034,1521.900024,1502.880005,1507.72998,1507.72998,1354800
8/17/20,1514.670044,1525.609985,1507.969971,1517.97998,1517.97998,1378300
8/18/20,1526.180054,1562.469971,1523.709961,1558.599976,1558.599976,2027100
8/19/20,1553.310059,1573.680054,1543.949951,1547.530029,1547.530029,1660600
8/20/20,1543.449951,1585.869995,1538.199951,1581.75,1581.75,1706900
8/21/20,1577.030029,1597.719971,1568.005005,1580.420044,1580.420044,1446500
8/24/20,1593.97998,1614.170044,1580.569946,1588.199951,1588.199951,1409900
8/25/20,1582.069946,1611.619995,1582.069946,1608.219971,1608.219971,2247100
8/26/20,1608,1659.219971,1603.599976,1652.380005,1652.380005,3993400
8/27/20,1653.680054,1655,1625.75,1634.329956,1634.329956,1861600
8/28/20,1633.48999,1647.170044,1630.75,1644.410034,1644.410034,1499000
8/31/20,1647.890015,1647.964966,1630.310059,1634.180054,1634.180054,1823400
9/1/20,1636.630005,1665.72998,1632.219971,1660.709961,1660.709961,1825300
9/2/20,1673.775024,1733.180054,1666.329956,1728.280029,1728.280029,2511200
9/3/20,1709.713989,1709.713989,1615.060059,1641.839966,1641.839966,3107800
9/4/20,1624.26001,1645.109985,1547.613037,1591.040039,1591.040039,2608600
9/8/20,1533.51001,1563.86499,1528.01001,1532.390015,1532.390015,2610900
9/9/20,1557.530029,1569,1536.051025,1556.959961,1556.959961,1774700
9/10/20,1560.640015,1584.081055,1525.805054,1532.02002,1532.02002,1618600
9/11/20,1536,1575.199951,1497.359985,1520.719971,1520.719971,1597100
9/14/20,1539.005005,1564,1515.73999,1519.280029,1519.280029,1696600
9/15/20,1536,1559.569946,1531.834961,1541.439941,1541.439941,1331100
9/16/20,1555.540039,1562,1519.819946,1520.900024,1520.900024,1311700
9/17/20,1496,1508.297974,1470,1495.530029,1495.530029,1879800
9/18/20,1498.01001,1503.003052,1437.130005,1459.98999,1459.98999,3103900
9/21/20,1440.060059,1448.359985,1406.550049,1431.160034,1431.160034,2888800
9/22/20,1450.089966,1469.52002,1434.530029,1465.459961,1465.459961,1583200
9/23/20,1458.780029,1460.959961,1407.699951,1415.209961,1415.209961,1657400
9/24/20,1411.030029,1443.708984,1409.849976,1428.290039,1428.290039,1450200
9/25/20,1432.630005,1450,1413.339966,1444.959961,1444.959961,1323000
9/28/20,1474.209961,1476.800049,1449.301025,1464.52002,1464.52002,2007900
9/29/20,1470.390015,1476.662964,1458.805054,1469.329956,1469.329956,978200
9/30/20,1466.800049,1489.75,1459.880005,1469.599976,1469.599976,1701600
10/1/20,1484.27002,1499.040039,1479.209961,1490.089966,1490.089966,1779500
10/2/20,1462.030029,1483.199951,1450.920044,1458.420044,1458.420044,1284100
10/5/20,1466.209961,1488.209961,1464.27002,1486.02002,1486.02002,1113300
10/6/20,1475.579956,1486.76001,1448.589966,1453.439941,1453.439941,1245400
10/7/20,1464.290039,1468.959961,1436,1460.290039,1460.290039,1746200
10/8/20,1465.089966,1490,1465.089966,1485.930054,1485.930054,1187800
10/9/20,1494.699951,1516.52002,1489.449951,1515.219971,1515.219971,1435300
10/12/20,1543,1593.859985,1532.569946,1569.150024,1569.150024,2482600
10/13/20,1583.72998,1590,1563.199951,1571.680054,1571.680054,1601000
10/14/20,1578.589966,1587.68396,1550.530029,1568.079956,1568.079956,1929300
10/15/20,1547.150024,1575.10498,1545.030029,1559.130005,1559.130005,1540000
10/16/20,1565.849976,1581.130005,1563,1573.01001,1573.01001,1434700
10/19/20,1580.459961,1588.150024,1528,1534.609985,1534.609985,1607100
10/20/20,1527.050049,1577.5,1525.670044,1555.930054,1555.930054,2241700
10/21/20,1573.329956,1618.72998,1571.630005,1593.310059,1593.310059,2568300
10/22/20,1593.050049,1621.98999,1585,1615.329956,1615.329956,1433600
10/23/20,1626.069946,1642.359985,1620.51001,1641,1641,1375800
10/26/20,1625.01001,1638.23999,1576.5,1590.449951,1590.449951,1853300
10/27/20,1595.670044,1606.844971,1582.780029,1604.26001,1604.26001,1229000
10/28/20,1559.73999,1561.349976,1514.619995,1516.619995,1516.619995,1834000
10/29/20,1522.359985,1593.709961,1522.23999,1567.23999,1567.23999,2003100
10/30/20,1672.109985,1687,1604.459961,1621.01001,1621.01001,4329100
11/2/20,1628.160034,1660.77002,1616.030029,1626.030029,1626.030029,2535400
11/3/20,1631.780029,1661.699951,1616.619995,1650.209961,1650.209961,1661700
11/4/20,1710.280029,1771.36499,1706.030029,1749.130005,1749.130005,3570900
11/5/20,1781,1793.640015,1750.51001,1763.369995,1763.369995,2065800
11/6/20,1753.949951,1772.430054,1740.349976,1761.75,1761.75,1660900
11/9/20,1790.900024,1818.060059,1760.02002,1763,1763,2268300
11/10/20,1731.089966,1763,1717.300049,1740.390015,1740.390015,2636100
11/11/20,1750,1764.219971,1747.36499,1752.709961,1752.709961,1264000
11/12/20,1747.630005,1768.27002,1745.599976,1749.839966,1749.839966,1247500
11/13/20,1757.630005,1781.040039,1744.550049,1777.02002,1777.02002,1499900
11/16/20,1771.699951,1799.069946,1767.689941,1781.380005,1781.380005,1246800
11/17/20,1776.939941,1785,1767,1770.150024,1770.150024,1147100
11/18/20,1765.22998,1773.469971,1746.140015,1746.780029,1746.780029,1173500
11/19/20,1738.380005,1769.589966,1737.005005,1763.920044,1763.920044,1249900
11/20/20,1765.209961,1774,1741.859985,1742.189941,1742.189941,2313500
11/23/20,1749.599976,1753.900024,1717.719971,1734.859985,1734.859985,2161600
11/24/20,1730.5,1771.599976,1727.689941,1768.880005,1768.880005,1578000
11/25/20,1772.890015,1778.540039,1756.540039,1771.430054,1771.430054,1045800
11/27/20,1773.089966,1804,1772.439941,1793.189941,1793.189941,884900
11/30/20,1781.18396,1788.064941,1755,1760.73999,1760.73999,1823800
12/1/20,1774.369995,1824.829956,1769.369995,1798.099976,1798.099976,1739000
12/2/20,1798.099976,1835.650024,1789.473022,1827.949951,1827.949951,1222000
12/3/20,1824.01001,1847.199951,1822.650024,1826.77002,1826.77002,1227300
12/4/20,1824.52002,1833.160034,1816.98999,1827.98999,1827.98999,1378200
12/7/20,1819,1832.369995,1805.780029,1819.47998,1819.47998,1320900
12/8/20,1810.099976,1821.900024,1796.204956,1818.550049,1818.550049,1096300
12/9/20,1812.01001,1834.27002,1767.810059,1784.130005,1784.130005,1507600
12/10/20,1769.800049,1781.310059,1740.319946,1775.329956,1775.329956,1362800
12/11/20,1763.060059,1784.449951,1760,1781.77002,1781.77002,1220700
12/14/20,1775,1797.390015,1757.214966,1760.060059,1760.060059,1600200
12/15/20,1764.420044,1771.420044,1749.949951,1767.77002,1767.77002,1482300
12/16/20,1772.880005,1773,1756.079956,1763,1763,1513500
12/17/20,1768.51001,1771.784058,1738.660034,1747.900024,1747.900024,1624700
12/18/20,1754.180054,1755.109985,1720.219971,1731.01001,1731.01001,4016400
12/21/20,1713.51001,1740.849976,1699,1739.369995,1739.369995,1828400
12/22/20,1734.430054,1737.405029,1712.574951,1723.5,1723.5,936700
12/23/20,1728.109985,1747.98999,1725.040039,1732.380005,1732.380005,1033800
12/24/20,1735,1746,1729.109985,1738.849976,1738.849976,346800
12/28/20,1751.63501,1790.728027,1746.334961,1776.089966,1776.089966,1393000
12/29/20,1787.790039,1792.439941,1756.089966,1758.719971,1758.719971,1299400
12/30/20,1762.01001,1765.094971,1725.599976,1739.52002,1739.52002,1306100
12/31/20,1735.420044,1758.930054,1735.420044,1751.880005,1751.880005,1011900